CREATE DATABASE  IF NOT EXISTS `missingpersons` /*!40100 DEFAULT CHARACTER SET utf8 */;
USE `missingpersons`;
-- MySQL dump 10.13  Distrib 5.7.17, for Win64 (x86_64)
--
-- Host: 127.0.0.1    Database: missingpersons
-- ------------------------------------------------------
-- Server version	5.7.19-log

/*!40101 SET @OLD_CHARACTER_SET_CLIENT=@@CHARACTER_SET_CLIENT */;
/*!40101 SET @OLD_CHARACTER_SET_RESULTS=@@CHARACTER_SET_RESULTS */;
/*!40101 SET @OLD_COLLATION_CONNECTION=@@COLLATION_CONNECTION */;
/*!40101 SET NAMES utf8 */;
/*!40103 SET @OLD_TIME_ZONE=@@TIME_ZONE */;
/*!40103 SET TIME_ZONE='+00:00' */;
/*!40014 SET @OLD_UNIQUE_CHECKS=@@UNIQUE_CHECKS, UNIQUE_CHECKS=0 */;
/*!40014 SET @OLD_FOREIGN_KEY_CHECKS=@@FOREIGN_KEY_CHECKS, FOREIGN_KEY_CHECKS=0 */;
/*!40101 SET @OLD_SQL_MODE=@@SQL_MODE, SQL_MODE='NO_AUTO_VALUE_ON_ZERO' */;
/*!40111 SET @OLD_SQL_NOTES=@@SQL_NOTES, SQL_NOTES=0 */;

--
-- Table structure for table `casedetails`
--

DROP TABLE IF EXISTS `casedetails`;
/*!40101 SET @saved_cs_client     = @@character_set_client */;
/*!40101 SET character_set_client = utf8 */;
CREATE TABLE `casedetails` (
  `id` int(11) NOT NULL AUTO_INCREMENT,
  `fName` varchar(45) DEFAULT NULL,
  `lName` varchar(45) DEFAULT NULL,
  `age` int(11) DEFAULT NULL,
  `height` float DEFAULT NULL,
  `weight` float DEFAULT NULL,
  `details` text,
  `userID` varchar(45) DEFAULT NULL,
  `lastseen` date DEFAULT NULL,
  `status` enum('solved','unsolved') DEFAULT 'unsolved',
  `lastlocation` varchar(45) DEFAULT NULL,
  `datePosted` datetime DEFAULT NULL,
  `dateSubmitted` timestamp(6) NULL DEFAULT CURRENT_TIMESTAMP(6),
  PRIMARY KEY (`id`)
) ENGINE=InnoDB AUTO_INCREMENT=26 DEFAULT CHARSET=utf8;
/*!40101 SET character_set_client = @saved_cs_client */;

--
-- Dumping data for table `casedetails`
--

LOCK TABLES `casedetails` WRITE;
/*!40000 ALTER TABLE `casedetails` DISABLE KEYS */;
INSERT INTO `casedetails` VALUES (1,'Stan','Marsh',10,4.2,45,'Stan Marsh is a boy wearing a brown jacket and a blue hat with a red poofball.','1','2018-04-11','unsolved','Raisins',NULL,'2018-05-09 06:17:51.905215'),(2,'Kyle','Broflovski',10,4.2,45,'Kyle Broflovski is a boy wearing an orange jacket and a green hat.','1','2017-05-12','unsolved','Skeeter\'s Bar',NULL,'2018-05-09 06:17:51.905215'),(3,'Eric','Cartman',10,4.2,45,'Eric Cartman is a boy wearing a red jacket and a blue-green hat with a small yellow poofball.','1','2016-10-19','unsolved','South Park Mall',NULL,'2018-05-09 06:17:51.905215'),(4,'Kenny','McCormick',10,4.2,45,'Kenny McCormick is a boy wearing a brown jacket an orange jacket that covers his face.','1','2015-07-10','unsolved','Raisins',NULL,'2018-05-09 06:17:51.905215'),(5,'Butters','Stotch',10,4.2,45,'Butters Stotch is a boy wearing a green shirt. He has yellow spiky hair','1','2018-03-16','unsolved','Raisins',NULL,'2018-05-09 06:17:51.905215'),(6,'Clyde','Donovan',10,4.2,45,'Clyde Donovan is a boy wearing a red jacket. He has a blue scarf and brown hair.','1','2017-07-21','unsolved','South Park Mall',NULL,'2018-05-09 06:17:51.905215'),(7,'Tweek','Tweak',10,4.2,45,'Tweek Tweak is a boy wearing a green shirt. His shirt isn\'t buttoned properly and he has long, yellow spiky hair','1','2016-03-30','unsolved','Jimbo\'s Guns',NULL,'2018-05-09 06:17:51.905215'),(8,'Craig','Tucker',10,4.2,45,'Craig Tucker is a boy wearing a blue jacket and a blue hat with a yellow poofball.','1','2017-01-28','unsolved','South Park Mall',NULL,'2018-05-09 06:17:51.905215'),(9,'Jimmy','Valmer',10,4.2,45,'Jimmy Valmer is a boy wearing a yellow shirt. He has crutches.','1','2017-03-01','unsolved','Raisins',NULL,'2018-05-09 06:17:51.905215'),(10,'Timmy','Burch',10,4.2,45,'Timmy Burch is a boy wearing a red shirt. He is on a wheelchair.','1','2014-03-18','unsolved','South Park Mall',NULL,'2018-05-09 06:17:51.905215'),(11,'Token','Black',10,4.2,45,'Token Black is a boy wearing a purple shirt. He is black','1','2016-03-12','unsolved','Jimbo\'s Guns',NULL,'2018-05-09 06:17:51.905215'),(12,'Wendy','Testaburger',10,4.2,45,'Wendy Testaburger is a girl wearing a purple jacket and a pink beret.','1','2018-03-19','solved','Skeeter\'s Bar',NULL,'2018-05-09 06:17:51.905215'),(13,'Bebe','Stevens',10,4.2,45,'Bebe Stevens is a girl wearing a red jacket. She has curly yellow hair','1','2018-01-12','solved','Jimbo\'s Guns',NULL,'2018-05-09 06:17:51.905215'),(14,'Heidi','Turner',10,4.2,45,'Heidi Turner is a girl wearing a green jacket and red gloves. She has gray hair.','1','2015-03-21','solved','Skeeter\'s Bar',NULL,'2018-05-09 06:17:51.905215'),(15,'Red','',10,4.2,45,'Red is a girl wearing a violet jacket and purple gloves. She has red hair','1','2017-08-12','solved','Jimbo\'s Guns',NULL,'2018-05-09 06:17:51.905215'),(16,'Lola','',10,4.2,45,'Lola is a girl wearing a green shirt and a blue headband. She has brown hair','1','2016-09-11','solved','South Park Mall',NULL,'2018-05-09 06:17:51.905215'),(17,'Sally','Turner',10,4.2,45,'Sally Turner is a girl wearing a violet jacket and purple gloves. She has red hair and wears a pink hairpin.','1','2014-01-11','solved','Raisins',NULL,'2018-05-09 06:17:51.905215'),(18,'Nelly','',10,4.2,45,'Nelly is a girl wearing a green shirt with a flower printed on it. She has brown ponytails','1','2016-08-08','solved','Raisins',NULL,'2018-05-09 06:17:51.905215'),(19,'Annie','Nelson',10,4.2,45,'Annie Nelson is a girl wearing a brown jacket. She has yellow, short, curly hair.','1','2017-03-19','solved','South Park Mall',NULL,'2018-05-09 06:17:51.905215'),(20,'Token','White',11,4.3,44,'Token White is a child','1','2016-03-12','unsolved','Jimbo\'s Guns',NULL,'2018-05-09 06:17:51.905215'),(21,'asd','faf',21,5,67,'asdad',NULL,NULL,'unsolved',NULL,NULL,'2018-05-09 06:17:51.905215'),(22,'asdads','assdad',123,12,21,'asdasd',NULL,NULL,'unsolved',NULL,NULL,'2018-05-09 06:17:51.905215'),(24,'asd','asd',0,0,0,'JDAS',NULL,NULL,'unsolved',NULL,NULL,'2018-05-09 06:53:05.685899'),(25,NULL,NULL,NULL,NULL,NULL,NULL,NULL,NULL,'unsolved',NULL,NULL,'2018-05-09 17:33:50.729379');
/*!40000 ALTER TABLE `casedetails` ENABLE KEYS */;
UNLOCK TABLES;

--
-- Table structure for table `contactus`
--

DROP TABLE IF EXISTS `contactus`;
/*!40101 SET @saved_cs_client     = @@character_set_client */;
/*!40101 SET character_set_client = utf8 */;
CREATE TABLE `contactus` (
  `id` int(11) NOT NULL AUTO_INCREMENT,
  `name` varchar(45) NOT NULL,
  `email` varchar(45) NOT NULL,
  `phone` varchar(45) DEFAULT NULL,
  `message` varchar(100) NOT NULL,
  PRIMARY KEY (`id`)
) ENGINE=InnoDB AUTO_INCREMENT=15 DEFAULT CHARSET=utf8;
/*!40101 SET character_set_client = @saved_cs_client */;

--
-- Dumping data for table `contactus`
--

LOCK TABLES `contactus` WRITE;
/*!40000 ALTER TABLE `contactus` DISABLE KEYS */;
INSERT INTO `contactus` VALUES (7,'','','',''),(8,'','','',''),(9,'asd','asd@mail.cin','23','ssd'),(10,'asd','asd@mail.cin','23','ssd'),(11,'asd','asd@mail.cin','23','ssd'),(12,'asd','asd@mail.cin','23','ssd'),(13,'dasdsd','asd@ga.com','123','sasdsad'),(14,'dasdsd','asd@ga.com','123','sasdsad');
/*!40000 ALTER TABLE `contactus` ENABLE KEYS */;
UNLOCK TABLES;

--
-- Table structure for table `inbox`
--

DROP TABLE IF EXISTS `inbox`;
/*!40101 SET @saved_cs_client     = @@character_set_client */;
/*!40101 SET character_set_client = utf8 */;
CREATE TABLE `inbox` (
  `id` int(11) NOT NULL AUTO_INCREMENT,
  `conversationId` int(11) NOT NULL,
  `postId` int(11) DEFAULT NULL,
  `senderId` int(11) DEFAULT NULL,
  `receiverId` int(11) DEFAULT NULL,
  `dateMessaged` timestamp(6) NULL DEFAULT CURRENT_TIMESTAMP(6),
  `message` text,
  `subject` varchar(45) DEFAULT NULL,
  PRIMARY KEY (`id`)
) ENGINE=InnoDB AUTO_INCREMENT=5 DEFAULT CHARSET=utf8;
/*!40101 SET character_set_client = @saved_cs_client */;

--
-- Dumping data for table `inbox`
--

LOCK TABLES `inbox` WRITE;
/*!40000 ALTER TABLE `inbox` DISABLE KEYS */;
INSERT INTO `inbox` VALUES (1,2,1,2,1,'2018-05-03 07:54:14.740907','Helo',NULL),(2,3,3,3,13,'2018-05-03 07:54:33.436657','Hey',NULL),(3,2,1,1,2,'2018-05-03 08:09:41.468324','aaa',NULL),(4,1,2,1,2,'2018-05-03 08:12:29.649240','new',NULL);
/*!40000 ALTER TABLE `inbox` ENABLE KEYS */;
UNLOCK TABLES;

--
-- Table structure for table `mpcommentmeta`
--

DROP TABLE IF EXISTS `mpcommentmeta`;
/*!40101 SET @saved_cs_client     = @@character_set_client */;
/*!40101 SET character_set_client = utf8 */;
CREATE TABLE `mpcommentmeta` (
  `meta_id` bigint(20) unsigned NOT NULL AUTO_INCREMENT,
  `comment_id` bigint(20) unsigned NOT NULL DEFAULT '0',
  `meta_key` varchar(255) COLLATE utf8mb4_unicode_520_ci DEFAULT NULL,
  `meta_value` longtext COLLATE utf8mb4_unicode_520_ci,
  PRIMARY KEY (`meta_id`),
  KEY `comment_id` (`comment_id`),
  KEY `meta_key` (`meta_key`(191))
) ENGINE=InnoDB DEFAULT CHARSET=utf8mb4 COLLATE=utf8mb4_unicode_520_ci;
/*!40101 SET character_set_client = @saved_cs_client */;

--
-- Dumping data for table `mpcommentmeta`
--

LOCK TABLES `mpcommentmeta` WRITE;
/*!40000 ALTER TABLE `mpcommentmeta` DISABLE KEYS */;
/*!40000 ALTER TABLE `mpcommentmeta` ENABLE KEYS */;
UNLOCK TABLES;

--
-- Table structure for table `mpcomments`
--

DROP TABLE IF EXISTS `mpcomments`;
/*!40101 SET @saved_cs_client     = @@character_set_client */;
/*!40101 SET character_set_client = utf8 */;
CREATE TABLE `mpcomments` (
  `comment_ID` bigint(20) unsigned NOT NULL AUTO_INCREMENT,
  `comment_post_ID` bigint(20) unsigned NOT NULL DEFAULT '0',
  `comment_author` tinytext COLLATE utf8mb4_unicode_520_ci NOT NULL,
  `comment_author_email` varchar(100) COLLATE utf8mb4_unicode_520_ci NOT NULL DEFAULT '',
  `comment_author_url` varchar(200) COLLATE utf8mb4_unicode_520_ci NOT NULL DEFAULT '',
  `comment_author_IP` varchar(100) COLLATE utf8mb4_unicode_520_ci NOT NULL DEFAULT '',
  `comment_date` datetime NOT NULL DEFAULT '0000-00-00 00:00:00',
  `comment_date_gmt` datetime NOT NULL DEFAULT '0000-00-00 00:00:00',
  `comment_content` text COLLATE utf8mb4_unicode_520_ci NOT NULL,
  `comment_karma` int(11) NOT NULL DEFAULT '0',
  `comment_approved` varchar(20) COLLATE utf8mb4_unicode_520_ci NOT NULL DEFAULT '1',
  `comment_agent` varchar(255) COLLATE utf8mb4_unicode_520_ci NOT NULL DEFAULT '',
  `comment_type` varchar(20) COLLATE utf8mb4_unicode_520_ci NOT NULL DEFAULT '',
  `comment_parent` bigint(20) unsigned NOT NULL DEFAULT '0',
  `user_id` bigint(20) unsigned NOT NULL DEFAULT '0',
  PRIMARY KEY (`comment_ID`),
  KEY `comment_post_ID` (`comment_post_ID`),
  KEY `comment_approved_date_gmt` (`comment_approved`,`comment_date_gmt`),
  KEY `comment_date_gmt` (`comment_date_gmt`),
  KEY `comment_parent` (`comment_parent`),
  KEY `comment_author_email` (`comment_author_email`(10))
) ENGINE=InnoDB AUTO_INCREMENT=2 DEFAULT CHARSET=utf8mb4 COLLATE=utf8mb4_unicode_520_ci;
/*!40101 SET character_set_client = @saved_cs_client */;

--
-- Dumping data for table `mpcomments`
--

LOCK TABLES `mpcomments` WRITE;
/*!40000 ALTER TABLE `mpcomments` DISABLE KEYS */;
INSERT INTO `mpcomments` VALUES (1,1,'A WordPress Commenter','wapuu@wordpress.example','https://wordpress.org/','','2018-03-27 03:04:59','2018-03-27 03:04:59','Hi, this is a comment.\nTo get started with moderating, editing, and deleting comments, please visit the Comments screen in the dashboard.\nCommenter avatars come from <a href=\"https://gravatar.com\">Gravatar</a>.',0,'1','','',0,0);
/*!40000 ALTER TABLE `mpcomments` ENABLE KEYS */;
UNLOCK TABLES;

--
-- Table structure for table `mplinks`
--

DROP TABLE IF EXISTS `mplinks`;
/*!40101 SET @saved_cs_client     = @@character_set_client */;
/*!40101 SET character_set_client = utf8 */;
CREATE TABLE `mplinks` (
  `link_id` bigint(20) unsigned NOT NULL AUTO_INCREMENT,
  `link_url` varchar(255) COLLATE utf8mb4_unicode_520_ci NOT NULL DEFAULT '',
  `link_name` varchar(255) COLLATE utf8mb4_unicode_520_ci NOT NULL DEFAULT '',
  `link_image` varchar(255) COLLATE utf8mb4_unicode_520_ci NOT NULL DEFAULT '',
  `link_target` varchar(25) COLLATE utf8mb4_unicode_520_ci NOT NULL DEFAULT '',
  `link_description` varchar(255) COLLATE utf8mb4_unicode_520_ci NOT NULL DEFAULT '',
  `link_visible` varchar(20) COLLATE utf8mb4_unicode_520_ci NOT NULL DEFAULT 'Y',
  `link_owner` bigint(20) unsigned NOT NULL DEFAULT '1',
  `link_rating` int(11) NOT NULL DEFAULT '0',
  `link_updated` datetime NOT NULL DEFAULT '0000-00-00 00:00:00',
  `link_rel` varchar(255) COLLATE utf8mb4_unicode_520_ci NOT NULL DEFAULT '',
  `link_notes` mediumtext COLLATE utf8mb4_unicode_520_ci NOT NULL,
  `link_rss` varchar(255) COLLATE utf8mb4_unicode_520_ci NOT NULL DEFAULT '',
  PRIMARY KEY (`link_id`),
  KEY `link_visible` (`link_visible`)
) ENGINE=InnoDB DEFAULT CHARSET=utf8mb4 COLLATE=utf8mb4_unicode_520_ci;
/*!40101 SET character_set_client = @saved_cs_client */;

--
-- Dumping data for table `mplinks`
--

LOCK TABLES `mplinks` WRITE;
/*!40000 ALTER TABLE `mplinks` DISABLE KEYS */;
/*!40000 ALTER TABLE `mplinks` ENABLE KEYS */;
UNLOCK TABLES;

--
-- Table structure for table `mpoptions`
--

DROP TABLE IF EXISTS `mpoptions`;
/*!40101 SET @saved_cs_client     = @@character_set_client */;
/*!40101 SET character_set_client = utf8 */;
CREATE TABLE `mpoptions` (
  `option_id` bigint(20) unsigned NOT NULL AUTO_INCREMENT,
  `option_name` varchar(191) COLLATE utf8mb4_unicode_520_ci NOT NULL DEFAULT '',
  `option_value` longtext COLLATE utf8mb4_unicode_520_ci NOT NULL,
  `autoload` varchar(20) COLLATE utf8mb4_unicode_520_ci NOT NULL DEFAULT 'yes',
  PRIMARY KEY (`option_id`),
  UNIQUE KEY `option_name` (`option_name`)
) ENGINE=InnoDB AUTO_INCREMENT=401 DEFAULT CHARSET=utf8mb4 COLLATE=utf8mb4_unicode_520_ci;
/*!40101 SET character_set_client = @saved_cs_client */;

--
-- Dumping data for table `mpoptions`
--

LOCK TABLES `mpoptions` WRITE;
/*!40000 ALTER TABLE `mpoptions` DISABLE KEYS */;
INSERT INTO `mpoptions` VALUES (1,'siteurl','http://wordpress.local','yes'),(2,'home','http://wordpress.local','yes'),(3,'blogname','missingpersons','yes'),(4,'blogdescription','Just another WordPress site','yes'),(5,'users_can_register','0','yes'),(6,'admin_email','claudesedillo@gmail.com','yes'),(7,'start_of_week','1','yes'),(8,'use_balanceTags','0','yes'),(9,'use_smilies','1','yes'),(10,'require_name_email','1','yes'),(11,'comments_notify','1','yes'),(12,'posts_per_rss','10','yes'),(13,'rss_use_excerpt','0','yes'),(14,'mailserver_url','mail.example.com','yes'),(15,'mailserver_login','login@example.com','yes'),(16,'mailserver_pass','password','yes'),(17,'mailserver_port','110','yes'),(18,'default_category','1','yes'),(19,'default_comment_status','open','yes'),(20,'default_ping_status','open','yes'),(21,'default_pingback_flag','0','yes'),(22,'posts_per_page','10','yes'),(23,'date_format','F j, Y','yes'),(24,'time_format','g:i a','yes'),(25,'links_updated_date_format','F j, Y g:i a','yes'),(26,'comment_moderation','0','yes'),(27,'moderation_notify','1','yes'),(28,'permalink_structure','/%year%/%monthnum%/%day%/%postname%/','yes'),(29,'rewrite_rules','a:91:{s:11:\"^wp-json/?$\";s:22:\"index.php?rest_route=/\";s:14:\"^wp-json/(.*)?\";s:33:\"index.php?rest_route=/$matches[1]\";s:21:\"^index.php/wp-json/?$\";s:22:\"index.php?rest_route=/\";s:24:\"^index.php/wp-json/(.*)?\";s:33:\"index.php?rest_route=/$matches[1]\";s:47:\"category/(.+?)/feed/(feed|rdf|rss|rss2|atom)/?$\";s:52:\"index.php?category_name=$matches[1]&feed=$matches[2]\";s:42:\"category/(.+?)/(feed|rdf|rss|rss2|atom)/?$\";s:52:\"index.php?category_name=$matches[1]&feed=$matches[2]\";s:23:\"category/(.+?)/embed/?$\";s:46:\"index.php?category_name=$matches[1]&embed=true\";s:35:\"category/(.+?)/page/?([0-9]{1,})/?$\";s:53:\"index.php?category_name=$matches[1]&paged=$matches[2]\";s:17:\"category/(.+?)/?$\";s:35:\"index.php?category_name=$matches[1]\";s:44:\"tag/([^/]+)/feed/(feed|rdf|rss|rss2|atom)/?$\";s:42:\"index.php?tag=$matches[1]&feed=$matches[2]\";s:39:\"tag/([^/]+)/(feed|rdf|rss|rss2|atom)/?$\";s:42:\"index.php?tag=$matches[1]&feed=$matches[2]\";s:20:\"tag/([^/]+)/embed/?$\";s:36:\"index.php?tag=$matches[1]&embed=true\";s:32:\"tag/([^/]+)/page/?([0-9]{1,})/?$\";s:43:\"index.php?tag=$matches[1]&paged=$matches[2]\";s:14:\"tag/([^/]+)/?$\";s:25:\"index.php?tag=$matches[1]\";s:45:\"type/([^/]+)/feed/(feed|rdf|rss|rss2|atom)/?$\";s:50:\"index.php?post_format=$matches[1]&feed=$matches[2]\";s:40:\"type/([^/]+)/(feed|rdf|rss|rss2|atom)/?$\";s:50:\"index.php?post_format=$matches[1]&feed=$matches[2]\";s:21:\"type/([^/]+)/embed/?$\";s:44:\"index.php?post_format=$matches[1]&embed=true\";s:33:\"type/([^/]+)/page/?([0-9]{1,})/?$\";s:51:\"index.php?post_format=$matches[1]&paged=$matches[2]\";s:15:\"type/([^/]+)/?$\";s:33:\"index.php?post_format=$matches[1]\";s:12:\"robots\\.txt$\";s:18:\"index.php?robots=1\";s:48:\".*wp-(atom|rdf|rss|rss2|feed|commentsrss2)\\.php$\";s:18:\"index.php?feed=old\";s:20:\".*wp-app\\.php(/.*)?$\";s:19:\"index.php?error=403\";s:18:\".*wp-register.php$\";s:23:\"index.php?register=true\";s:32:\"feed/(feed|rdf|rss|rss2|atom)/?$\";s:27:\"index.php?&feed=$matches[1]\";s:27:\"(feed|rdf|rss|rss2|atom)/?$\";s:27:\"index.php?&feed=$matches[1]\";s:8:\"embed/?$\";s:21:\"index.php?&embed=true\";s:20:\"page/?([0-9]{1,})/?$\";s:28:\"index.php?&paged=$matches[1]\";s:27:\"comment-page-([0-9]{1,})/?$\";s:39:\"index.php?&page_id=12&cpage=$matches[1]\";s:41:\"comments/feed/(feed|rdf|rss|rss2|atom)/?$\";s:42:\"index.php?&feed=$matches[1]&withcomments=1\";s:36:\"comments/(feed|rdf|rss|rss2|atom)/?$\";s:42:\"index.php?&feed=$matches[1]&withcomments=1\";s:17:\"comments/embed/?$\";s:21:\"index.php?&embed=true\";s:44:\"search/(.+)/feed/(feed|rdf|rss|rss2|atom)/?$\";s:40:\"index.php?s=$matches[1]&feed=$matches[2]\";s:39:\"search/(.+)/(feed|rdf|rss|rss2|atom)/?$\";s:40:\"index.php?s=$matches[1]&feed=$matches[2]\";s:20:\"search/(.+)/embed/?$\";s:34:\"index.php?s=$matches[1]&embed=true\";s:32:\"search/(.+)/page/?([0-9]{1,})/?$\";s:41:\"index.php?s=$matches[1]&paged=$matches[2]\";s:14:\"search/(.+)/?$\";s:23:\"index.php?s=$matches[1]\";s:47:\"author/([^/]+)/feed/(feed|rdf|rss|rss2|atom)/?$\";s:50:\"index.php?author_name=$matches[1]&feed=$matches[2]\";s:42:\"author/([^/]+)/(feed|rdf|rss|rss2|atom)/?$\";s:50:\"index.php?author_name=$matches[1]&feed=$matches[2]\";s:23:\"author/([^/]+)/embed/?$\";s:44:\"index.php?author_name=$matches[1]&embed=true\";s:35:\"author/([^/]+)/page/?([0-9]{1,})/?$\";s:51:\"index.php?author_name=$matches[1]&paged=$matches[2]\";s:17:\"author/([^/]+)/?$\";s:33:\"index.php?author_name=$matches[1]\";s:69:\"([0-9]{4})/([0-9]{1,2})/([0-9]{1,2})/feed/(feed|rdf|rss|rss2|atom)/?$\";s:80:\"index.php?year=$matches[1]&monthnum=$matches[2]&day=$matches[3]&feed=$matches[4]\";s:64:\"([0-9]{4})/([0-9]{1,2})/([0-9]{1,2})/(feed|rdf|rss|rss2|atom)/?$\";s:80:\"index.php?year=$matches[1]&monthnum=$matches[2]&day=$matches[3]&feed=$matches[4]\";s:45:\"([0-9]{4})/([0-9]{1,2})/([0-9]{1,2})/embed/?$\";s:74:\"index.php?year=$matches[1]&monthnum=$matches[2]&day=$matches[3]&embed=true\";s:57:\"([0-9]{4})/([0-9]{1,2})/([0-9]{1,2})/page/?([0-9]{1,})/?$\";s:81:\"index.php?year=$matches[1]&monthnum=$matches[2]&day=$matches[3]&paged=$matches[4]\";s:39:\"([0-9]{4})/([0-9]{1,2})/([0-9]{1,2})/?$\";s:63:\"index.php?year=$matches[1]&monthnum=$matches[2]&day=$matches[3]\";s:56:\"([0-9]{4})/([0-9]{1,2})/feed/(feed|rdf|rss|rss2|atom)/?$\";s:64:\"index.php?year=$matches[1]&monthnum=$matches[2]&feed=$matches[3]\";s:51:\"([0-9]{4})/([0-9]{1,2})/(feed|rdf|rss|rss2|atom)/?$\";s:64:\"index.php?year=$matches[1]&monthnum=$matches[2]&feed=$matches[3]\";s:32:\"([0-9]{4})/([0-9]{1,2})/embed/?$\";s:58:\"index.php?year=$matches[1]&monthnum=$matches[2]&embed=true\";s:44:\"([0-9]{4})/([0-9]{1,2})/page/?([0-9]{1,})/?$\";s:65:\"index.php?year=$matches[1]&monthnum=$matches[2]&paged=$matches[3]\";s:26:\"([0-9]{4})/([0-9]{1,2})/?$\";s:47:\"index.php?year=$matches[1]&monthnum=$matches[2]\";s:43:\"([0-9]{4})/feed/(feed|rdf|rss|rss2|atom)/?$\";s:43:\"index.php?year=$matches[1]&feed=$matches[2]\";s:38:\"([0-9]{4})/(feed|rdf|rss|rss2|atom)/?$\";s:43:\"index.php?year=$matches[1]&feed=$matches[2]\";s:19:\"([0-9]{4})/embed/?$\";s:37:\"index.php?year=$matches[1]&embed=true\";s:31:\"([0-9]{4})/page/?([0-9]{1,})/?$\";s:44:\"index.php?year=$matches[1]&paged=$matches[2]\";s:13:\"([0-9]{4})/?$\";s:26:\"index.php?year=$matches[1]\";s:58:\"[0-9]{4}/[0-9]{1,2}/[0-9]{1,2}/[^/]+/attachment/([^/]+)/?$\";s:32:\"index.php?attachment=$matches[1]\";s:68:\"[0-9]{4}/[0-9]{1,2}/[0-9]{1,2}/[^/]+/attachment/([^/]+)/trackback/?$\";s:37:\"index.php?attachment=$matches[1]&tb=1\";s:88:\"[0-9]{4}/[0-9]{1,2}/[0-9]{1,2}/[^/]+/attachment/([^/]+)/feed/(feed|rdf|rss|rss2|atom)/?$\";s:49:\"index.php?attachment=$matches[1]&feed=$matches[2]\";s:83:\"[0-9]{4}/[0-9]{1,2}/[0-9]{1,2}/[^/]+/attachment/([^/]+)/(feed|rdf|rss|rss2|atom)/?$\";s:49:\"index.php?attachment=$matches[1]&feed=$matches[2]\";s:83:\"[0-9]{4}/[0-9]{1,2}/[0-9]{1,2}/[^/]+/attachment/([^/]+)/comment-page-([0-9]{1,})/?$\";s:50:\"index.php?attachment=$matches[1]&cpage=$matches[2]\";s:64:\"[0-9]{4}/[0-9]{1,2}/[0-9]{1,2}/[^/]+/attachment/([^/]+)/embed/?$\";s:43:\"index.php?attachment=$matches[1]&embed=true\";s:53:\"([0-9]{4})/([0-9]{1,2})/([0-9]{1,2})/([^/]+)/embed/?$\";s:91:\"index.php?year=$matches[1]&monthnum=$matches[2]&day=$matches[3]&name=$matches[4]&embed=true\";s:57:\"([0-9]{4})/([0-9]{1,2})/([0-9]{1,2})/([^/]+)/trackback/?$\";s:85:\"index.php?year=$matches[1]&monthnum=$matches[2]&day=$matches[3]&name=$matches[4]&tb=1\";s:77:\"([0-9]{4})/([0-9]{1,2})/([0-9]{1,2})/([^/]+)/feed/(feed|rdf|rss|rss2|atom)/?$\";s:97:\"index.php?year=$matches[1]&monthnum=$matches[2]&day=$matches[3]&name=$matches[4]&feed=$matches[5]\";s:72:\"([0-9]{4})/([0-9]{1,2})/([0-9]{1,2})/([^/]+)/(feed|rdf|rss|rss2|atom)/?$\";s:97:\"index.php?year=$matches[1]&monthnum=$matches[2]&day=$matches[3]&name=$matches[4]&feed=$matches[5]\";s:65:\"([0-9]{4})/([0-9]{1,2})/([0-9]{1,2})/([^/]+)/page/?([0-9]{1,})/?$\";s:98:\"index.php?year=$matches[1]&monthnum=$matches[2]&day=$matches[3]&name=$matches[4]&paged=$matches[5]\";s:72:\"([0-9]{4})/([0-9]{1,2})/([0-9]{1,2})/([^/]+)/comment-page-([0-9]{1,})/?$\";s:98:\"index.php?year=$matches[1]&monthnum=$matches[2]&day=$matches[3]&name=$matches[4]&cpage=$matches[5]\";s:61:\"([0-9]{4})/([0-9]{1,2})/([0-9]{1,2})/([^/]+)(?:/([0-9]+))?/?$\";s:97:\"index.php?year=$matches[1]&monthnum=$matches[2]&day=$matches[3]&name=$matches[4]&page=$matches[5]\";s:47:\"[0-9]{4}/[0-9]{1,2}/[0-9]{1,2}/[^/]+/([^/]+)/?$\";s:32:\"index.php?attachment=$matches[1]\";s:57:\"[0-9]{4}/[0-9]{1,2}/[0-9]{1,2}/[^/]+/([^/]+)/trackback/?$\";s:37:\"index.php?attachment=$matches[1]&tb=1\";s:77:\"[0-9]{4}/[0-9]{1,2}/[0-9]{1,2}/[^/]+/([^/]+)/feed/(feed|rdf|rss|rss2|atom)/?$\";s:49:\"index.php?attachment=$matches[1]&feed=$matches[2]\";s:72:\"[0-9]{4}/[0-9]{1,2}/[0-9]{1,2}/[^/]+/([^/]+)/(feed|rdf|rss|rss2|atom)/?$\";s:49:\"index.php?attachment=$matches[1]&feed=$matches[2]\";s:72:\"[0-9]{4}/[0-9]{1,2}/[0-9]{1,2}/[^/]+/([^/]+)/comment-page-([0-9]{1,})/?$\";s:50:\"index.php?attachment=$matches[1]&cpage=$matches[2]\";s:53:\"[0-9]{4}/[0-9]{1,2}/[0-9]{1,2}/[^/]+/([^/]+)/embed/?$\";s:43:\"index.php?attachment=$matches[1]&embed=true\";s:64:\"([0-9]{4})/([0-9]{1,2})/([0-9]{1,2})/comment-page-([0-9]{1,})/?$\";s:81:\"index.php?year=$matches[1]&monthnum=$matches[2]&day=$matches[3]&cpage=$matches[4]\";s:51:\"([0-9]{4})/([0-9]{1,2})/comment-page-([0-9]{1,})/?$\";s:65:\"index.php?year=$matches[1]&monthnum=$matches[2]&cpage=$matches[3]\";s:38:\"([0-9]{4})/comment-page-([0-9]{1,})/?$\";s:44:\"index.php?year=$matches[1]&cpage=$matches[2]\";s:27:\".?.+?/attachment/([^/]+)/?$\";s:32:\"index.php?attachment=$matches[1]\";s:37:\".?.+?/attachment/([^/]+)/trackback/?$\";s:37:\"index.php?attachment=$matches[1]&tb=1\";s:57:\".?.+?/attachment/([^/]+)/feed/(feed|rdf|rss|rss2|atom)/?$\";s:49:\"index.php?attachment=$matches[1]&feed=$matches[2]\";s:52:\".?.+?/attachment/([^/]+)/(feed|rdf|rss|rss2|atom)/?$\";s:49:\"index.php?attachment=$matches[1]&feed=$matches[2]\";s:52:\".?.+?/attachment/([^/]+)/comment-page-([0-9]{1,})/?$\";s:50:\"index.php?attachment=$matches[1]&cpage=$matches[2]\";s:33:\".?.+?/attachment/([^/]+)/embed/?$\";s:43:\"index.php?attachment=$matches[1]&embed=true\";s:16:\"(.?.+?)/embed/?$\";s:41:\"index.php?pagename=$matches[1]&embed=true\";s:20:\"(.?.+?)/trackback/?$\";s:35:\"index.php?pagename=$matches[1]&tb=1\";s:40:\"(.?.+?)/feed/(feed|rdf|rss|rss2|atom)/?$\";s:47:\"index.php?pagename=$matches[1]&feed=$matches[2]\";s:35:\"(.?.+?)/(feed|rdf|rss|rss2|atom)/?$\";s:47:\"index.php?pagename=$matches[1]&feed=$matches[2]\";s:28:\"(.?.+?)/page/?([0-9]{1,})/?$\";s:48:\"index.php?pagename=$matches[1]&paged=$matches[2]\";s:35:\"(.?.+?)/comment-page-([0-9]{1,})/?$\";s:48:\"index.php?pagename=$matches[1]&cpage=$matches[2]\";s:24:\"(.?.+?)(?:/([0-9]+))?/?$\";s:47:\"index.php?pagename=$matches[1]&page=$matches[2]\";}','yes'),(30,'hack_file','0','yes'),(31,'blog_charset','UTF-8','yes'),(32,'moderation_keys','','no'),(33,'active_plugins','a:2:{i:0;s:30:\"advanced-custom-fields/acf.php\";i:1;s:31:\"edit-any-table/EditAnyTable.php\";}','yes'),(34,'category_base','','yes'),(35,'ping_sites','http://rpc.pingomatic.com/','yes'),(36,'comment_max_links','2','yes'),(37,'gmt_offset','0','yes'),(38,'default_email_category','1','yes'),(39,'recently_edited','','no'),(40,'template','missingpersons','yes'),(41,'stylesheet','missingpersons','yes'),(42,'comment_whitelist','1','yes'),(43,'blacklist_keys','','no'),(44,'comment_registration','0','yes'),(45,'html_type','text/html','yes'),(46,'use_trackback','0','yes'),(47,'default_role','subscriber','yes'),(48,'db_version','38590','yes'),(49,'uploads_use_yearmonth_folders','1','yes'),(50,'upload_path','','yes'),(51,'blog_public','0','yes'),(52,'default_link_category','2','yes'),(53,'show_on_front','page','yes'),(54,'tag_base','','yes'),(55,'show_avatars','1','yes'),(56,'avatar_rating','G','yes'),(57,'upload_url_path','','yes'),(58,'thumbnail_size_w','150','yes'),(59,'thumbnail_size_h','150','yes'),(60,'thumbnail_crop','1','yes'),(61,'medium_size_w','300','yes'),(62,'medium_size_h','300','yes'),(63,'avatar_default','mystery','yes'),(64,'large_size_w','1024','yes'),(65,'large_size_h','1024','yes'),(66,'image_default_link_type','none','yes'),(67,'image_default_size','','yes'),(68,'image_default_align','','yes'),(69,'close_comments_for_old_posts','0','yes'),(70,'close_comments_days_old','14','yes'),(71,'thread_comments','1','yes'),(72,'thread_comments_depth','5','yes'),(73,'page_comments','0','yes'),(74,'comments_per_page','50','yes'),(75,'default_comments_page','newest','yes'),(76,'comment_order','asc','yes'),(77,'sticky_posts','a:0:{}','yes'),(78,'widget_categories','a:2:{i:2;a:4:{s:5:\"title\";s:0:\"\";s:5:\"count\";i:0;s:12:\"hierarchical\";i:0;s:8:\"dropdown\";i:0;}s:12:\"_multiwidget\";i:1;}','yes'),(79,'widget_text','a:2:{i:1;a:0:{}s:12:\"_multiwidget\";i:1;}','yes'),(80,'widget_rss','a:2:{i:1;a:0:{}s:12:\"_multiwidget\";i:1;}','yes'),(81,'uninstall_plugins','a:0:{}','no'),(82,'timezone_string','','yes'),(83,'page_for_posts','0','yes'),(84,'page_on_front','12','yes'),(85,'default_post_format','0','yes'),(86,'link_manager_enabled','0','yes'),(87,'finished_splitting_shared_terms','1','yes'),(88,'site_icon','0','yes'),(89,'medium_large_size_w','768','yes'),(90,'medium_large_size_h','0','yes'),(91,'initial_db_version','38590','yes'),(92,'mpuser_roles','a:5:{s:13:\"administrator\";a:2:{s:4:\"name\";s:13:\"Administrator\";s:12:\"capabilities\";a:61:{s:13:\"switch_themes\";b:1;s:11:\"edit_themes\";b:1;s:16:\"activate_plugins\";b:1;s:12:\"edit_plugins\";b:1;s:10:\"edit_users\";b:1;s:10:\"edit_files\";b:1;s:14:\"manage_options\";b:1;s:17:\"moderate_comments\";b:1;s:17:\"manage_categories\";b:1;s:12:\"manage_links\";b:1;s:12:\"upload_files\";b:1;s:6:\"import\";b:1;s:15:\"unfiltered_html\";b:1;s:10:\"edit_posts\";b:1;s:17:\"edit_others_posts\";b:1;s:20:\"edit_published_posts\";b:1;s:13:\"publish_posts\";b:1;s:10:\"edit_pages\";b:1;s:4:\"read\";b:1;s:8:\"level_10\";b:1;s:7:\"level_9\";b:1;s:7:\"level_8\";b:1;s:7:\"level_7\";b:1;s:7:\"level_6\";b:1;s:7:\"level_5\";b:1;s:7:\"level_4\";b:1;s:7:\"level_3\";b:1;s:7:\"level_2\";b:1;s:7:\"level_1\";b:1;s:7:\"level_0\";b:1;s:17:\"edit_others_pages\";b:1;s:20:\"edit_published_pages\";b:1;s:13:\"publish_pages\";b:1;s:12:\"delete_pages\";b:1;s:19:\"delete_others_pages\";b:1;s:22:\"delete_published_pages\";b:1;s:12:\"delete_posts\";b:1;s:19:\"delete_others_posts\";b:1;s:22:\"delete_published_posts\";b:1;s:20:\"delete_private_posts\";b:1;s:18:\"edit_private_posts\";b:1;s:18:\"read_private_posts\";b:1;s:20:\"delete_private_pages\";b:1;s:18:\"edit_private_pages\";b:1;s:18:\"read_private_pages\";b:1;s:12:\"delete_users\";b:1;s:12:\"create_users\";b:1;s:17:\"unfiltered_upload\";b:1;s:14:\"edit_dashboard\";b:1;s:14:\"update_plugins\";b:1;s:14:\"delete_plugins\";b:1;s:15:\"install_plugins\";b:1;s:13:\"update_themes\";b:1;s:14:\"install_themes\";b:1;s:11:\"update_core\";b:1;s:10:\"list_users\";b:1;s:12:\"remove_users\";b:1;s:13:\"promote_users\";b:1;s:18:\"edit_theme_options\";b:1;s:13:\"delete_themes\";b:1;s:6:\"export\";b:1;}}s:6:\"editor\";a:2:{s:4:\"name\";s:6:\"Editor\";s:12:\"capabilities\";a:34:{s:17:\"moderate_comments\";b:1;s:17:\"manage_categories\";b:1;s:12:\"manage_links\";b:1;s:12:\"upload_files\";b:1;s:15:\"unfiltered_html\";b:1;s:10:\"edit_posts\";b:1;s:17:\"edit_others_posts\";b:1;s:20:\"edit_published_posts\";b:1;s:13:\"publish_posts\";b:1;s:10:\"edit_pages\";b:1;s:4:\"read\";b:1;s:7:\"level_7\";b:1;s:7:\"level_6\";b:1;s:7:\"level_5\";b:1;s:7:\"level_4\";b:1;s:7:\"level_3\";b:1;s:7:\"level_2\";b:1;s:7:\"level_1\";b:1;s:7:\"level_0\";b:1;s:17:\"edit_others_pages\";b:1;s:20:\"edit_published_pages\";b:1;s:13:\"publish_pages\";b:1;s:12:\"delete_pages\";b:1;s:19:\"delete_others_pages\";b:1;s:22:\"delete_published_pages\";b:1;s:12:\"delete_posts\";b:1;s:19:\"delete_others_posts\";b:1;s:22:\"delete_published_posts\";b:1;s:20:\"delete_private_posts\";b:1;s:18:\"edit_private_posts\";b:1;s:18:\"read_private_posts\";b:1;s:20:\"delete_private_pages\";b:1;s:18:\"edit_private_pages\";b:1;s:18:\"read_private_pages\";b:1;}}s:6:\"author\";a:2:{s:4:\"name\";s:6:\"Author\";s:12:\"capabilities\";a:10:{s:12:\"upload_files\";b:1;s:10:\"edit_posts\";b:1;s:20:\"edit_published_posts\";b:1;s:13:\"publish_posts\";b:1;s:4:\"read\";b:1;s:7:\"level_2\";b:1;s:7:\"level_1\";b:1;s:7:\"level_0\";b:1;s:12:\"delete_posts\";b:1;s:22:\"delete_published_posts\";b:1;}}s:11:\"contributor\";a:2:{s:4:\"name\";s:11:\"Contributor\";s:12:\"capabilities\";a:5:{s:10:\"edit_posts\";b:1;s:4:\"read\";b:1;s:7:\"level_1\";b:1;s:7:\"level_0\";b:1;s:12:\"delete_posts\";b:1;}}s:10:\"subscriber\";a:2:{s:4:\"name\";s:10:\"Subscriber\";s:12:\"capabilities\";a:2:{s:4:\"read\";b:1;s:7:\"level_0\";b:1;}}}','yes'),(93,'fresh_site','0','yes'),(94,'widget_search','a:2:{i:2;a:1:{s:5:\"title\";s:0:\"\";}s:12:\"_multiwidget\";i:1;}','yes'),(95,'widget_recent-posts','a:2:{i:2;a:2:{s:5:\"title\";s:0:\"\";s:6:\"number\";i:5;}s:12:\"_multiwidget\";i:1;}','yes'),(96,'widget_recent-comments','a:2:{i:2;a:2:{s:5:\"title\";s:0:\"\";s:6:\"number\";i:5;}s:12:\"_multiwidget\";i:1;}','yes'),(97,'widget_archives','a:2:{i:2;a:3:{s:5:\"title\";s:0:\"\";s:5:\"count\";i:0;s:8:\"dropdown\";i:0;}s:12:\"_multiwidget\";i:1;}','yes'),(98,'widget_meta','a:2:{i:2;a:1:{s:5:\"title\";s:0:\"\";}s:12:\"_multiwidget\";i:1;}','yes'),(99,'sidebars_widgets','a:5:{s:19:\"wp_inactive_widgets\";a:0:{}s:9:\"sidebar-1\";a:6:{i:0;s:8:\"search-2\";i:1;s:14:\"recent-posts-2\";i:2;s:17:\"recent-comments-2\";i:3;s:10:\"archives-2\";i:4;s:12:\"categories-2\";i:5;s:6:\"meta-2\";}s:9:\"sidebar-2\";a:0:{}s:9:\"sidebar-3\";a:0:{}s:13:\"array_version\";i:3;}','yes'),(100,'widget_pages','a:1:{s:12:\"_multiwidget\";i:1;}','yes'),(101,'widget_calendar','a:1:{s:12:\"_multiwidget\";i:1;}','yes'),(102,'widget_media_audio','a:1:{s:12:\"_multiwidget\";i:1;}','yes'),(103,'widget_media_image','a:1:{s:12:\"_multiwidget\";i:1;}','yes'),(104,'widget_media_gallery','a:1:{s:12:\"_multiwidget\";i:1;}','yes'),(105,'widget_media_video','a:1:{s:12:\"_multiwidget\";i:1;}','yes'),(106,'widget_tag_cloud','a:1:{s:12:\"_multiwidget\";i:1;}','yes'),(107,'widget_nav_menu','a:1:{s:12:\"_multiwidget\";i:1;}','yes'),(108,'widget_custom_html','a:1:{s:12:\"_multiwidget\";i:1;}','yes'),(109,'cron','a:4:{i:1524798302;a:3:{s:17:\"wp_update_plugins\";a:1:{s:32:\"40cd750bba9870f18aada2478b24840a\";a:3:{s:8:\"schedule\";s:10:\"twicedaily\";s:4:\"args\";a:0:{}s:8:\"interval\";i:43200;}}s:16:\"wp_update_themes\";a:1:{s:32:\"40cd750bba9870f18aada2478b24840a\";a:3:{s:8:\"schedule\";s:10:\"twicedaily\";s:4:\"args\";a:0:{}s:8:\"interval\";i:43200;}}s:16:\"wp_version_check\";a:1:{s:32:\"40cd750bba9870f18aada2478b24840a\";a:3:{s:8:\"schedule\";s:10:\"twicedaily\";s:4:\"args\";a:0:{}s:8:\"interval\";i:43200;}}}i:1524798329;a:2:{s:19:\"wp_scheduled_delete\";a:1:{s:32:\"40cd750bba9870f18aada2478b24840a\";a:3:{s:8:\"schedule\";s:5:\"daily\";s:4:\"args\";a:0:{}s:8:\"interval\";i:86400;}}s:25:\"delete_expired_transients\";a:1:{s:32:\"40cd750bba9870f18aada2478b24840a\";a:3:{s:8:\"schedule\";s:5:\"daily\";s:4:\"args\";a:0:{}s:8:\"interval\";i:86400;}}}i:1524806561;a:1:{s:30:\"wp_scheduled_auto_draft_delete\";a:1:{s:32:\"40cd750bba9870f18aada2478b24840a\";a:3:{s:8:\"schedule\";s:5:\"daily\";s:4:\"args\";a:0:{}s:8:\"interval\";i:86400;}}}s:7:\"version\";i:2;}','yes'),(110,'theme_mods_twentyseventeen','a:3:{s:18:\"custom_css_post_id\";i:-1;s:16:\"sidebars_widgets\";a:2:{s:4:\"time\";i:1522905909;s:4:\"data\";a:4:{s:19:\"wp_inactive_widgets\";a:0:{}s:9:\"sidebar-1\";a:6:{i:0;s:8:\"search-2\";i:1;s:14:\"recent-posts-2\";i:2;s:17:\"recent-comments-2\";i:3;s:10:\"archives-2\";i:4;s:12:\"categories-2\";i:5;s:6:\"meta-2\";}s:9:\"sidebar-2\";a:0:{}s:9:\"sidebar-3\";a:0:{}}}s:18:\"nav_menu_locations\";a:0:{}}','yes'),(114,'_site_transient_update_core','O:8:\"stdClass\":4:{s:7:\"updates\";a:2:{i:0;O:8:\"stdClass\":10:{s:8:\"response\";s:7:\"upgrade\";s:8:\"download\";s:59:\"https://downloads.wordpress.org/release/wordpress-4.9.5.zip\";s:6:\"locale\";s:5:\"en_US\";s:8:\"packages\";O:8:\"stdClass\":5:{s:4:\"full\";s:59:\"https://downloads.wordpress.org/release/wordpress-4.9.5.zip\";s:10:\"no_content\";s:70:\"https://downloads.wordpress.org/release/wordpress-4.9.5-no-content.zip\";s:11:\"new_bundled\";s:71:\"https://downloads.wordpress.org/release/wordpress-4.9.5-new-bundled.zip\";s:7:\"partial\";s:69:\"https://downloads.wordpress.org/release/wordpress-4.9.5-partial-4.zip\";s:8:\"rollback\";b:0;}s:7:\"current\";s:5:\"4.9.5\";s:7:\"version\";s:5:\"4.9.5\";s:11:\"php_version\";s:5:\"5.2.4\";s:13:\"mysql_version\";s:3:\"5.0\";s:11:\"new_bundled\";s:3:\"4.7\";s:15:\"partial_version\";s:5:\"4.9.4\";}i:1;O:8:\"stdClass\":11:{s:8:\"response\";s:10:\"autoupdate\";s:8:\"download\";s:59:\"https://downloads.wordpress.org/release/wordpress-4.9.5.zip\";s:6:\"locale\";s:5:\"en_US\";s:8:\"packages\";O:8:\"stdClass\":5:{s:4:\"full\";s:59:\"https://downloads.wordpress.org/release/wordpress-4.9.5.zip\";s:10:\"no_content\";s:70:\"https://downloads.wordpress.org/release/wordpress-4.9.5-no-content.zip\";s:11:\"new_bundled\";s:71:\"https://downloads.wordpress.org/release/wordpress-4.9.5-new-bundled.zip\";s:7:\"partial\";s:69:\"https://downloads.wordpress.org/release/wordpress-4.9.5-partial-4.zip\";s:8:\"rollback\";s:70:\"https://downloads.wordpress.org/release/wordpress-4.9.5-rollback-4.zip\";}s:7:\"current\";s:5:\"4.9.5\";s:7:\"version\";s:5:\"4.9.5\";s:11:\"php_version\";s:5:\"5.2.4\";s:13:\"mysql_version\";s:3:\"5.0\";s:11:\"new_bundled\";s:3:\"4.7\";s:15:\"partial_version\";s:5:\"4.9.4\";s:9:\"new_files\";s:0:\"\";}}s:12:\"last_checked\";i:1525844810;s:15:\"version_checked\";s:5:\"4.9.4\";s:12:\"translations\";a:0:{}}','no'),(126,'can_compress_scripts','1','no'),(139,'recently_activated','a:0:{}','yes'),(147,'current_theme','','yes'),(148,'theme_mods_twentysixteen','a:4:{i:0;b:0;s:18:\"nav_menu_locations\";a:0:{}s:18:\"custom_css_post_id\";i:-1;s:16:\"sidebars_widgets\";a:2:{s:4:\"time\";i:1522130632;s:4:\"data\";a:4:{s:19:\"wp_inactive_widgets\";a:0:{}s:9:\"sidebar-1\";a:6:{i:0;s:8:\"search-2\";i:1;s:14:\"recent-posts-2\";i:2;s:17:\"recent-comments-2\";i:3;s:10:\"archives-2\";i:4;s:12:\"categories-2\";i:5;s:6:\"meta-2\";}s:9:\"sidebar-2\";a:0:{}s:9:\"sidebar-3\";a:0:{}}}}','yes'),(149,'theme_switched','','yes'),(150,'_transient_twentysixteen_categories','1','yes'),(151,'acf_version','4.4.12','yes'),(190,'_site_transient_update_themes','O:8:\"stdClass\":4:{s:12:\"last_checked\";i:1525844813;s:7:\"checked\";a:4:{s:14:\"missingPersons\";s:3:\"1.0\";s:13:\"twentyfifteen\";s:3:\"1.9\";s:15:\"twentyseventeen\";s:3:\"1.4\";s:13:\"twentysixteen\";s:3:\"1.4\";}s:8:\"response\";a:1:{s:15:\"twentyseventeen\";a:4:{s:5:\"theme\";s:15:\"twentyseventeen\";s:11:\"new_version\";s:3:\"1.5\";s:3:\"url\";s:45:\"https://wordpress.org/themes/twentyseventeen/\";s:7:\"package\";s:61:\"https://downloads.wordpress.org/theme/twentyseventeen.1.5.zip\";}}s:12:\"translations\";a:0:{}}','no'),(193,'theme_mods_missingpersons','a:1:{s:18:\"custom_css_post_id\";i:-1;}','yes'),(194,'theme_switch_menu_locations','a:0:{}','yes'),(195,'theme_switched_via_customizer','','yes'),(196,'customize_stashed_theme_mods','a:0:{}','no'),(205,'_site_transient_timeout_browser_1c57507012278e6bcada89fd639b70fc','1525065715','no'),(206,'_site_transient_browser_1c57507012278e6bcada89fd639b70fc','a:10:{s:4:\"name\";s:7:\"Firefox\";s:7:\"version\";s:4:\"59.0\";s:8:\"platform\";s:7:\"Windows\";s:10:\"update_url\";s:24:\"https://www.firefox.com/\";s:7:\"img_src\";s:44:\"http://s.w.org/images/browsers/firefox.png?1\";s:11:\"img_src_ssl\";s:45:\"https://s.w.org/images/browsers/firefox.png?1\";s:15:\"current_version\";s:2:\"56\";s:7:\"upgrade\";b:0;s:8:\"insecure\";b:0;s:6:\"mobile\";b:0;}','no'),(251,'eat_options','a:5:{s:8:\"eat_host\";s:5:\"local\";s:6:\"eat_db\";s:14:\"missingpersons\";s:8:\"eat_user\";s:4:\"root\";s:7:\"eat_pwd\";s:4:\"1234\";s:12:\"eat_friendly\";s:0:\"\";}','yes'),(260,'core_updater.lock','1524625514','no'),(294,'_site_transient_update_plugins','O:8:\"stdClass\":4:{s:12:\"last_checked\";i:1525844811;s:8:\"response\";a:1:{s:19:\"akismet/akismet.php\";O:8:\"stdClass\":12:{s:2:\"id\";s:21:\"w.org/plugins/akismet\";s:4:\"slug\";s:7:\"akismet\";s:6:\"plugin\";s:19:\"akismet/akismet.php\";s:11:\"new_version\";s:5:\"4.0.3\";s:3:\"url\";s:38:\"https://wordpress.org/plugins/akismet/\";s:7:\"package\";s:56:\"https://downloads.wordpress.org/plugin/akismet.4.0.3.zip\";s:5:\"icons\";a:2:{s:2:\"2x\";s:59:\"https://ps.w.org/akismet/assets/icon-256x256.png?rev=969272\";s:2:\"1x\";s:59:\"https://ps.w.org/akismet/assets/icon-128x128.png?rev=969272\";}s:7:\"banners\";a:1:{s:2:\"1x\";s:61:\"https://ps.w.org/akismet/assets/banner-772x250.jpg?rev=479904\";}s:11:\"banners_rtl\";a:0:{}s:6:\"tested\";s:5:\"4.9.5\";s:12:\"requires_php\";b:0;s:13:\"compatibility\";O:8:\"stdClass\":0:{}}}s:12:\"translations\";a:0:{}s:9:\"no_update\";a:3:{s:30:\"advanced-custom-fields/acf.php\";O:8:\"stdClass\":9:{s:2:\"id\";s:36:\"w.org/plugins/advanced-custom-fields\";s:4:\"slug\";s:22:\"advanced-custom-fields\";s:6:\"plugin\";s:30:\"advanced-custom-fields/acf.php\";s:11:\"new_version\";s:6:\"4.4.12\";s:3:\"url\";s:53:\"https://wordpress.org/plugins/advanced-custom-fields/\";s:7:\"package\";s:72:\"https://downloads.wordpress.org/plugin/advanced-custom-fields.4.4.12.zip\";s:5:\"icons\";a:2:{s:2:\"2x\";s:75:\"https://ps.w.org/advanced-custom-fields/assets/icon-256x256.png?rev=1082746\";s:2:\"1x\";s:75:\"https://ps.w.org/advanced-custom-fields/assets/icon-128x128.png?rev=1082746\";}s:7:\"banners\";a:2:{s:2:\"2x\";s:78:\"https://ps.w.org/advanced-custom-fields/assets/banner-1544x500.jpg?rev=1729099\";s:2:\"1x\";s:77:\"https://ps.w.org/advanced-custom-fields/assets/banner-772x250.jpg?rev=1729102\";}s:11:\"banners_rtl\";a:0:{}}s:34:\"header-and-footer-scripts/shfs.php\";O:8:\"stdClass\":9:{s:2:\"id\";s:39:\"w.org/plugins/header-and-footer-scripts\";s:4:\"slug\";s:25:\"header-and-footer-scripts\";s:6:\"plugin\";s:34:\"header-and-footer-scripts/shfs.php\";s:11:\"new_version\";s:5:\"2.1.0\";s:3:\"url\";s:56:\"https://wordpress.org/plugins/header-and-footer-scripts/\";s:7:\"package\";s:68:\"https://downloads.wordpress.org/plugin/header-and-footer-scripts.zip\";s:5:\"icons\";a:2:{s:2:\"2x\";s:78:\"https://ps.w.org/header-and-footer-scripts/assets/icon-256x256.png?rev=1799457\";s:2:\"1x\";s:78:\"https://ps.w.org/header-and-footer-scripts/assets/icon-128x128.png?rev=1799457\";}s:7:\"banners\";a:2:{s:2:\"2x\";s:81:\"https://ps.w.org/header-and-footer-scripts/assets/banner-1544x500.png?rev=1799457\";s:2:\"1x\";s:80:\"https://ps.w.org/header-and-footer-scripts/assets/banner-772x250.png?rev=1799457\";}s:11:\"banners_rtl\";a:0:{}}s:9:\"hello.php\";O:8:\"stdClass\":9:{s:2:\"id\";s:25:\"w.org/plugins/hello-dolly\";s:4:\"slug\";s:11:\"hello-dolly\";s:6:\"plugin\";s:9:\"hello.php\";s:11:\"new_version\";s:3:\"1.6\";s:3:\"url\";s:42:\"https://wordpress.org/plugins/hello-dolly/\";s:7:\"package\";s:58:\"https://downloads.wordpress.org/plugin/hello-dolly.1.6.zip\";s:5:\"icons\";a:2:{s:2:\"2x\";s:63:\"https://ps.w.org/hello-dolly/assets/icon-256x256.jpg?rev=969907\";s:2:\"1x\";s:63:\"https://ps.w.org/hello-dolly/assets/icon-128x128.jpg?rev=969907\";}s:7:\"banners\";a:1:{s:2:\"1x\";s:65:\"https://ps.w.org/hello-dolly/assets/banner-772x250.png?rev=478342\";}s:11:\"banners_rtl\";a:0:{}}}}','no'),(307,'_transient_doing_cron','1525893908.2726049423217773437500','yes'),(330,'_site_transient_timeout_browser_efc56fe28520bcd166ef136f44025003','1525854084','no'),(331,'_site_transient_browser_efc56fe28520bcd166ef136f44025003','a:10:{s:4:\"name\";s:6:\"Chrome\";s:7:\"version\";s:13:\"65.0.3325.181\";s:8:\"platform\";s:7:\"Windows\";s:10:\"update_url\";s:29:\"https://www.google.com/chrome\";s:7:\"img_src\";s:43:\"http://s.w.org/images/browsers/chrome.png?1\";s:11:\"img_src_ssl\";s:44:\"https://s.w.org/images/browsers/chrome.png?1\";s:15:\"current_version\";s:2:\"18\";s:7:\"upgrade\";b:0;s:8:\"insecure\";b:0;s:6:\"mobile\";b:0;}','no'),(334,'_site_transient_timeout_browser_bd6a9fe252598f30ffd1edb8511fd2b1','1525919121','no'),(335,'_site_transient_browser_bd6a9fe252598f30ffd1edb8511fd2b1','a:10:{s:4:\"name\";s:6:\"Chrome\";s:7:\"version\";s:13:\"66.0.3359.139\";s:8:\"platform\";s:7:\"Windows\";s:10:\"update_url\";s:29:\"https://www.google.com/chrome\";s:7:\"img_src\";s:43:\"http://s.w.org/images/browsers/chrome.png?1\";s:11:\"img_src_ssl\";s:44:\"https://s.w.org/images/browsers/chrome.png?1\";s:15:\"current_version\";s:2:\"18\";s:7:\"upgrade\";b:0;s:8:\"insecure\";b:0;s:6:\"mobile\";b:0;}','no'),(390,'_site_transient_timeout_theme_roots','1525846612','no'),(391,'_site_transient_theme_roots','a:4:{s:14:\"missingPersons\";s:7:\"/themes\";s:13:\"twentyfifteen\";s:7:\"/themes\";s:15:\"twentyseventeen\";s:7:\"/themes\";s:13:\"twentysixteen\";s:7:\"/themes\";}','no'),(392,'_site_transient_timeout_community-events-4501c091b0366d76ea3218b6cfdd8097','1525888016','no'),(393,'_site_transient_community-events-4501c091b0366d76ea3218b6cfdd8097','a:2:{s:8:\"location\";a:1:{s:2:\"ip\";s:2:\"::\";}s:6:\"events\";a:1:{i:0;a:7:{s:4:\"type\";s:6:\"meetup\";s:5:\"title\";s:65:\"WP 15th Anniv, WPUGPH\'s 2nd yr and Gutenberg vs Page-builder talk\";s:3:\"url\";s:64:\"https://www.meetup.com/Manila-WordPress-Meetup/events/248990674/\";s:6:\"meetup\";s:23:\"Manila WordPress Meetup\";s:10:\"meetup_url\";s:47:\"https://www.meetup.com/Manila-WordPress-Meetup/\";s:4:\"date\";s:19:\"2018-05-26 14:00:00\";s:8:\"location\";a:4:{s:8:\"location\";s:19:\"Manila, Philippines\";s:7:\"country\";s:2:\"ph\";s:8:\"latitude\";d:14.64175;s:9:\"longitude\";d:121.040321;}}}}','no'),(394,'category_children','a:0:{}','yes'),(395,'_transient_timeout_feed_ac0b00fe65abe10e0c5b588f3ed8c7ca','1525919395','no'),(396,'_transient_feed_ac0b00fe65abe10e0c5b588f3ed8c7ca','a:4:{s:5:\"child\";a:1:{s:0:\"\";a:1:{s:3:\"rss\";a:1:{i:0;a:6:{s:4:\"data\";s:3:\"\n\n\n\";s:7:\"attribs\";a:1:{s:0:\"\";a:1:{s:7:\"version\";s:3:\"2.0\";}}s:8:\"xml_base\";s:0:\"\";s:17:\"xml_base_explicit\";b:0;s:8:\"xml_lang\";s:0:\"\";s:5:\"child\";a:1:{s:0:\"\";a:1:{s:7:\"channel\";a:1:{i:0;a:6:{s:4:\"data\";s:49:\"\n	\n	\n	\n	\n	\n	\n	\n	\n	\n	\n		\n		\n		\n		\n		\n		\n		\n		\n		\n	\";s:7:\"attribs\";a:0:{}s:8:\"xml_base\";s:0:\"\";s:17:\"xml_base_explicit\";b:0;s:8:\"xml_lang\";s:0:\"\";s:5:\"child\";a:4:{s:0:\"\";a:7:{s:5:\"title\";a:1:{i:0;a:5:{s:4:\"data\";s:14:\"WordPress News\";s:7:\"attribs\";a:0:{}s:8:\"xml_base\";s:0:\"\";s:17:\"xml_base_explicit\";b:0;s:8:\"xml_lang\";s:0:\"\";}}s:4:\"link\";a:1:{i:0;a:5:{s:4:\"data\";s:26:\"https://wordpress.org/news\";s:7:\"attribs\";a:0:{}s:8:\"xml_base\";s:0:\"\";s:17:\"xml_base_explicit\";b:0;s:8:\"xml_lang\";s:0:\"\";}}s:11:\"description\";a:1:{i:0;a:5:{s:4:\"data\";s:14:\"WordPress News\";s:7:\"attribs\";a:0:{}s:8:\"xml_base\";s:0:\"\";s:17:\"xml_base_explicit\";b:0;s:8:\"xml_lang\";s:0:\"\";}}s:13:\"lastBuildDate\";a:1:{i:0;a:5:{s:4:\"data\";s:34:\"\n	Wed, 02 May 2018 08:47:05 +0000	\";s:7:\"attribs\";a:0:{}s:8:\"xml_base\";s:0:\"\";s:17:\"xml_base_explicit\";b:0;s:8:\"xml_lang\";s:0:\"\";}}s:8:\"language\";a:1:{i:0;a:5:{s:4:\"data\";s:5:\"en-US\";s:7:\"attribs\";a:0:{}s:8:\"xml_base\";s:0:\"\";s:17:\"xml_base_explicit\";b:0;s:8:\"xml_lang\";s:0:\"\";}}s:9:\"generator\";a:1:{i:0;a:5:{s:4:\"data\";s:40:\"https://wordpress.org/?v=5.0-alpha-43185\";s:7:\"attribs\";a:0:{}s:8:\"xml_base\";s:0:\"\";s:17:\"xml_base_explicit\";b:0;s:8:\"xml_lang\";s:0:\"\";}}s:4:\"item\";a:10:{i:0;a:6:{s:4:\"data\";s:33:\"\n		\n		\n		\n		\n				\n\n		\n		\n				\n			\";s:7:\"attribs\";a:0:{}s:8:\"xml_base\";s:0:\"\";s:17:\"xml_base_explicit\";b:0;s:8:\"xml_lang\";s:0:\"\";s:5:\"child\";a:4:{s:0:\"\";a:6:{s:5:\"title\";a:1:{i:0;a:5:{s:4:\"data\";s:34:\"The Month in WordPress: April 2018\";s:7:\"attribs\";a:0:{}s:8:\"xml_base\";s:0:\"\";s:17:\"xml_base_explicit\";b:0;s:8:\"xml_lang\";s:0:\"\";}}s:4:\"link\";a:1:{i:0;a:5:{s:4:\"data\";s:69:\"https://wordpress.org/news/2018/05/the-month-in-wordpress-april-2018/\";s:7:\"attribs\";a:0:{}s:8:\"xml_base\";s:0:\"\";s:17:\"xml_base_explicit\";b:0;s:8:\"xml_lang\";s:0:\"\";}}s:7:\"pubDate\";a:1:{i:0;a:5:{s:4:\"data\";s:31:\"Wed, 02 May 2018 08:30:50 +0000\";s:7:\"attribs\";a:0:{}s:8:\"xml_base\";s:0:\"\";s:17:\"xml_base_explicit\";b:0;s:8:\"xml_lang\";s:0:\"\";}}s:8:\"category\";a:1:{i:0;a:5:{s:4:\"data\";s:18:\"Month in WordPress\";s:7:\"attribs\";a:0:{}s:8:\"xml_base\";s:0:\"\";s:17:\"xml_base_explicit\";b:0;s:8:\"xml_lang\";s:0:\"\";}}s:4:\"guid\";a:1:{i:0;a:5:{s:4:\"data\";s:34:\"https://wordpress.org/news/?p=5891\";s:7:\"attribs\";a:1:{s:0:\"\";a:1:{s:11:\"isPermaLink\";s:5:\"false\";}}s:8:\"xml_base\";s:0:\"\";s:17:\"xml_base_explicit\";b:0;s:8:\"xml_lang\";s:0:\"\";}}s:11:\"description\";a:1:{i:0;a:5:{s:4:\"data\";s:324:\"This past month saw a lot of preparation for upcoming events and releases across the WordPress project. Read on to find out more about these plans, and everything else that happened around the community in April. The WordPress 15th Anniversary is Coming On May 27 2018, WordPress will turn 15 years old — this is [&#8230;]\";s:7:\"attribs\";a:0:{}s:8:\"xml_base\";s:0:\"\";s:17:\"xml_base_explicit\";b:0;s:8:\"xml_lang\";s:0:\"\";}}}s:32:\"http://purl.org/dc/elements/1.1/\";a:1:{s:7:\"creator\";a:1:{i:0;a:5:{s:4:\"data\";s:15:\"Hugh Lashbrooke\";s:7:\"attribs\";a:0:{}s:8:\"xml_base\";s:0:\"\";s:17:\"xml_base_explicit\";b:0;s:8:\"xml_lang\";s:0:\"\";}}}s:40:\"http://purl.org/rss/1.0/modules/content/\";a:1:{s:7:\"encoded\";a:1:{i:0;a:5:{s:4:\"data\";s:4981:\"<p>This past month saw a lot of preparation for upcoming events and releases across the WordPress project. Read on to find out more about these plans, and everything else that happened around the community in April.</p>\n\n<hr class=\"wp-block-separator\" />\n\n<h2>The WordPress 15th Anniversary is Coming</h2>\n\n<p>On May 27 2018, <a href=\"https://wordpress.org/news/2018/04/celebrate-the-wordpress-15th-anniversary-on-may-27/\">WordPress will turn 15 years old</a> — this is a huge milestone for the project, or, indeed, for any open-source platform. The Community Team has been hard at work helping communities around the world plan local anniversary parties.</p>\n\n<p>Check <a href=\"https://wp15.wordpress.net/\">the central anniversary website</a> to see if there’s already a party being planned near you. These parties are all organized by local communities — if there’s no local community in your area, you can <a href=\"https://make.wordpress.org/community/handbook/meetup-organizer/welcome/#starting-a-new-meetup-com-group\">start one today</a> and host a party yourself.</p>\n\n<h2>Work has Started on a Gutenberg Migration Guide</h2>\n\n<p>With Gutenberg, the upcoming WordPress content editor, in rapid development, a lot of people have been wondering how they will convert their existing plugins to work with the new features. To mitigate the issues here and help people overcome any migration hurdles, <a href=\"https://make.wordpress.org/core/2018/04/26/your-help-wanted-gutenberg-migration-guide/\">a Gutenberg Migration Guide is underway</a> to assist developers with making their code Gutenberg-compatible.</p>\n\n<p>If you’d like to contribute to this guide, you can review <a href=\"https://github.com/danielbachhuber/gutenberg-migration-guide\">the existing documentation on GitHub</a> and <a href=\"https://github.com/danielbachhuber/gutenberg-migration-guide/issues\">open a new issue</a> if you find something to add.</p>\n\n<h2>Theme Review Team Launches Trusted Authors Program</h2>\n\n<p>Reviews of themes submitted to the Theme Directory can take quite a while to complete. In order to combat this issue and to make the theme submission process smoother for everyone, <a href=\"https://make.wordpress.org/themes/2018/04/30/trusted-authors-program/\">the Theme Review Team is introducing a Trusted Authors Program</a>.</p>\n\n<p>This program will allow frequent and reliable theme authors to apply for trusted status, allowing them to upload themes more frequently and to have their themes automatically approved. This will allow more high-quality themes to be added to the directory, as well as recognize the hard work that authors put in to build their themes.</p>\n\n<p>If you would like to get involved with reviewing themes, you can read <a href=\"https://make.wordpress.org/themes/handbook/get-involved/become-a-reviewer/\">their getting started guide</a>, follow the <a href=\"https://make.wordpress.org/themes/\">team blog</a> and join the #themereview channel in the <a href=\"https://make.wordpress.org/chat/\">Making WordPress Slack group</a>.</p>\n\n<hr class=\"wp-block-separator\" />\n\n<h2>Further Reading:</h2>\n\n<ul>\n    <li><a href=\"https://wordpress.org/news/2018/04/wordpress-4-9-5-security-and-maintenance-release/\">WordPress 4.9.5 was released</a> early this month, fixing numerous bugs and potential security issues. The two leads for this release <a href=\"https://make.wordpress.org/core/2018/04/20/4-9-5-feedback-leading-a-wordpress-minor-release/\">published some interesting feedback</a> about the process.</li>\n    <li>In addition to the Trusted Authors Program mentioned above, the Theme Review Team is <a href=\"https://make.wordpress.org/themes/2018/04/09/changes-in-theme-review-process/\">making some changes to their review process</a> to minimize theme review delays.<br /></li>\n    <li>The Marketing Team produced <a href=\"https://make.wordpress.org/marketing/2018/04/24/contributor-day-onboarding-pdf/\">a handy Contributor Day onboarding PDF</a> for organizers to hand out to contributors attending WordCamps.</li>\n    <li>The Accessibility Team is actively looking for contributors for <a href=\"https://make.wordpress.org/accessibility/handbook/\">their handbook</a>.</li>\n    <li>A new type of WordCamp, <a href=\"https://make.wordpress.org/community/2018/04/03/want-to-help-organize-a-wordcamp-for-organizers/\">targeted at organizers</a>, is in the planning stages now.</li>\n    <li><a href=\"https://wordpress.org/about/\">The WordPress.org About pages</a> received a significant redesign to make them more clear and useful.</li>\n    <li>The Community Team <a href=\"https://make.wordpress.org/community/2018/04/27/wordcamp-incubator-program-2018-2019-roadmap/\">posted the roadmap</a> for this year’s WordCamp Incubator program.</li>\n</ul>\n\n<p><em>If you have a story we should consider including in the next “Month in WordPress” post, please <a href=\"https://make.wordpress.org/community/month-in-wordpress-submissions/\">submit it here</a>.</em></p>\n\";s:7:\"attribs\";a:0:{}s:8:\"xml_base\";s:0:\"\";s:17:\"xml_base_explicit\";b:0;s:8:\"xml_lang\";s:0:\"\";}}}s:30:\"com-wordpress:feed-additions:1\";a:1:{s:7:\"post-id\";a:1:{i:0;a:5:{s:4:\"data\";s:4:\"5891\";s:7:\"attribs\";a:0:{}s:8:\"xml_base\";s:0:\"\";s:17:\"xml_base_explicit\";b:0;s:8:\"xml_lang\";s:0:\"\";}}}}}i:1;a:6:{s:4:\"data\";s:39:\"\n		\n		\n		\n		\n				\n		\n		\n\n		\n		\n				\n			\";s:7:\"attribs\";a:0:{}s:8:\"xml_base\";s:0:\"\";s:17:\"xml_base_explicit\";b:0;s:8:\"xml_lang\";s:0:\"\";s:5:\"child\";a:4:{s:0:\"\";a:6:{s:5:\"title\";a:1:{i:0;a:5:{s:4:\"data\";s:50:\"Celebrate the WordPress 15th Anniversary on May 27\";s:7:\"attribs\";a:0:{}s:8:\"xml_base\";s:0:\"\";s:17:\"xml_base_explicit\";b:0;s:8:\"xml_lang\";s:0:\"\";}}s:4:\"link\";a:1:{i:0;a:5:{s:4:\"data\";s:86:\"https://wordpress.org/news/2018/04/celebrate-the-wordpress-15th-anniversary-on-may-27/\";s:7:\"attribs\";a:0:{}s:8:\"xml_base\";s:0:\"\";s:17:\"xml_base_explicit\";b:0;s:8:\"xml_lang\";s:0:\"\";}}s:7:\"pubDate\";a:1:{i:0;a:5:{s:4:\"data\";s:31:\"Fri, 20 Apr 2018 21:07:29 +0000\";s:7:\"attribs\";a:0:{}s:8:\"xml_base\";s:0:\"\";s:17:\"xml_base_explicit\";b:0;s:8:\"xml_lang\";s:0:\"\";}}s:8:\"category\";a:3:{i:0;a:5:{s:4:\"data\";s:6:\"Events\";s:7:\"attribs\";a:0:{}s:8:\"xml_base\";s:0:\"\";s:17:\"xml_base_explicit\";b:0;s:8:\"xml_lang\";s:0:\"\";}i:1;a:5:{s:4:\"data\";s:5:\"Store\";s:7:\"attribs\";a:0:{}s:8:\"xml_base\";s:0:\"\";s:17:\"xml_base_explicit\";b:0;s:8:\"xml_lang\";s:0:\"\";}i:2;a:5:{s:4:\"data\";s:4:\"wp15\";s:7:\"attribs\";a:0:{}s:8:\"xml_base\";s:0:\"\";s:17:\"xml_base_explicit\";b:0;s:8:\"xml_lang\";s:0:\"\";}}s:4:\"guid\";a:1:{i:0;a:5:{s:4:\"data\";s:34:\"https://wordpress.org/news/?p=5753\";s:7:\"attribs\";a:1:{s:0:\"\";a:1:{s:11:\"isPermaLink\";s:5:\"false\";}}s:8:\"xml_base\";s:0:\"\";s:17:\"xml_base_explicit\";b:0;s:8:\"xml_lang\";s:0:\"\";}}s:11:\"description\";a:1:{i:0;a:5:{s:4:\"data\";s:345:\"May 27, 2018 is the 15th anniversary of the first WordPress release ﻿— and we can&#8217;t wait to celebrate! Party time! Join WordPress fans all over the world in celebrating the 15th Anniversary of WordPress by throwing your own party! Here&#8217;s how you can join in the fun: Check the WordPress 15th Anniversary website to see [&#8230;]\";s:7:\"attribs\";a:0:{}s:8:\"xml_base\";s:0:\"\";s:17:\"xml_base_explicit\";b:0;s:8:\"xml_lang\";s:0:\"\";}}}s:32:\"http://purl.org/dc/elements/1.1/\";a:1:{s:7:\"creator\";a:1:{i:0;a:5:{s:4:\"data\";s:16:\"Andrea Middleton\";s:7:\"attribs\";a:0:{}s:8:\"xml_base\";s:0:\"\";s:17:\"xml_base_explicit\";b:0;s:8:\"xml_lang\";s:0:\"\";}}}s:40:\"http://purl.org/rss/1.0/modules/content/\";a:1:{s:7:\"encoded\";a:1:{i:0;a:5:{s:4:\"data\";s:3948:\"<p>May 27, 2018 is the <strong>15th anniversary</strong> of the <a href=\"https://wordpress.org/news/2003/05/wordpress-now-available/\">first WordPress release</a> <a href=\"https://wordpress.org/news/2003/05/wordpress-now-available/\">﻿</a>— and we can&#8217;t wait to celebrate!</p>\n\n<figure class=\"wp-block-image aligncenter\"><img src=\"https://i1.wp.com/wordpress.org/news/files/2018/04/wp15_mark-1.png?resize=342%2C268&#038;ssl=1\" alt=\"\" class=\"wp-image-5841\" width=\"342\" height=\"268\" srcset=\"https://i1.wp.com/wordpress.org/news/files/2018/04/wp15_mark-1.png?w=2188&amp;ssl=1 2188w, https://i1.wp.com/wordpress.org/news/files/2018/04/wp15_mark-1.png?resize=300%2C236&amp;ssl=1 300w, https://i1.wp.com/wordpress.org/news/files/2018/04/wp15_mark-1.png?resize=768%2C605&amp;ssl=1 768w, https://i1.wp.com/wordpress.org/news/files/2018/04/wp15_mark-1.png?resize=1024%2C806&amp;ssl=1 1024w, https://i1.wp.com/wordpress.org/news/files/2018/04/wp15_mark-1.png?w=1264&amp;ssl=1 1264w, https://i1.wp.com/wordpress.org/news/files/2018/04/wp15_mark-1.png?w=1896&amp;ssl=1 1896w\" sizes=\"(max-width: 342px) 100vw, 342px\" data-recalc-dims=\"1\" /></figure>\n\n<h2>Party time!</h2>\n\n<p>Join WordPress fans all over the world in celebrating the 15th Anniversary of WordPress by throwing your own party! Here&#8217;s how you can join in the fun:</p>\n\n<ol>\n    <li>Check the <a href=\"https://wp15.wordpress.net/about/\">WordPress 15th Anniversary website</a> to see if there&#8217;s a party already planned for your town. If there is, RSVP for the party and invite your friends!<br /></li>\n    <li>If there isn&#8217;t, then pick a place to go where a bunch of people can be merry — a park, a pub, a backyard; any family-friendly venue will do!</li>\n    <li>List your party with <a href=\"https://www.meetup.com/pro/wordpress/\">your local WordPress meetup group</a> (Don&#8217;t have a group? <a href=\"https://make.wordpress.org/community/handbook/meetup-organizer/welcome/#starting-a-new-meetup-com-group\">Start one!</a>)  and then spread the word to other local meetups, tech groups, press, etc and get people to say they’ll come to your party.</li>\n    <li><a href=\"https://make.wordpress.org/community/handbook/meetup-organizer/event-formats/wordpress-15th-anniversary-celebrations/#request-wordpress-15th-anniversary-swag\">Request</a> some special 15th anniversary WordPress swag (no later than April 27, please, so we have time to ship it to you).<br /></li>\n    <li>Have party attendees post photos, videos, and the like with the #WP15 hashtag, and <a href=\"https://wp15.wordpress.net/live/\">check out the social media stream</a> to see how the rest of the world is sharing and celebrating.</li>\n</ol>\n\n<p>Don&#8217;t miss this chance to participate in a global celebration of WordPress!<br /></p>\n\n<h2>Special Swag</h2>\n\n<p>In honor of the 15th anniversary, we’ve added some <a href=\"https://mercantile.wordpress.org/product-category/wordpress-15/\">special 15th anniversary items</a> in the swag store — you can use the offer code <strong>CELEBRATEWP15</strong> to take 15% off this (and any other WordPress swag you buy), all the way through the end of 2018!</p>\n\n<p>Keep checking the swag store, because we&#8217;ll be adding more swag over the next few weeks!</p>\n\n<h2>Share the fun</h2>\n\n<p>However you celebrate the WordPress 15th anniversary — with <a href=\"https://wp15.wordpress.net/about/\">a party</a>, with <a href=\"https://wp15.wordpress.net/swag/\">commemorative swag</a>, by <a href=\"https://wp15.wordpress.net/live/\">telling the world</a> what WordPress means to you — remember to use the #WP15 hashtag to share it! And don&#8217;t forget to <a href=\"https://wp15.wordpress.net/live/\">check the stream of WordPress 15th anniversary posts</a>.</p>\n\n<p>When <a href=\"https://venturebeat.com/2018/03/05/wordpress-now-powers-30-of-websites/\">30% of the internet</a> has a reason to celebrate, you know it&#8217;s going to be great! </p>\n\";s:7:\"attribs\";a:0:{}s:8:\"xml_base\";s:0:\"\";s:17:\"xml_base_explicit\";b:0;s:8:\"xml_lang\";s:0:\"\";}}}s:30:\"com-wordpress:feed-additions:1\";a:1:{s:7:\"post-id\";a:1:{i:0;a:5:{s:4:\"data\";s:4:\"5753\";s:7:\"attribs\";a:0:{}s:8:\"xml_base\";s:0:\"\";s:17:\"xml_base_explicit\";b:0;s:8:\"xml_lang\";s:0:\"\";}}}}}i:2;a:6:{s:4:\"data\";s:33:\"\n		\n		\n		\n		\n				\n\n		\n		\n				\n			\";s:7:\"attribs\";a:0:{}s:8:\"xml_base\";s:0:\"\";s:17:\"xml_base_explicit\";b:0;s:8:\"xml_lang\";s:0:\"\";s:5:\"child\";a:4:{s:0:\"\";a:6:{s:5:\"title\";a:1:{i:0;a:5:{s:4:\"data\";s:34:\"GDPR Compliance Tools in WordPress\";s:7:\"attribs\";a:0:{}s:8:\"xml_base\";s:0:\"\";s:17:\"xml_base_explicit\";b:0;s:8:\"xml_lang\";s:0:\"\";}}s:4:\"link\";a:1:{i:0;a:5:{s:4:\"data\";s:70:\"https://wordpress.org/news/2018/04/gdpr-compliance-tools-in-wordpress/\";s:7:\"attribs\";a:0:{}s:8:\"xml_base\";s:0:\"\";s:17:\"xml_base_explicit\";b:0;s:8:\"xml_lang\";s:0:\"\";}}s:7:\"pubDate\";a:1:{i:0;a:5:{s:4:\"data\";s:31:\"Thu, 12 Apr 2018 20:11:50 +0000\";s:7:\"attribs\";a:0:{}s:8:\"xml_base\";s:0:\"\";s:17:\"xml_base_explicit\";b:0;s:8:\"xml_lang\";s:0:\"\";}}s:8:\"category\";a:1:{i:0;a:5:{s:4:\"data\";s:8:\"Features\";s:7:\"attribs\";a:0:{}s:8:\"xml_base\";s:0:\"\";s:17:\"xml_base_explicit\";b:0;s:8:\"xml_lang\";s:0:\"\";}}s:4:\"guid\";a:1:{i:0;a:5:{s:4:\"data\";s:34:\"https://wordpress.org/news/?p=5728\";s:7:\"attribs\";a:1:{s:0:\"\";a:1:{s:11:\"isPermaLink\";s:5:\"false\";}}s:8:\"xml_base\";s:0:\"\";s:17:\"xml_base_explicit\";b:0;s:8:\"xml_lang\";s:0:\"\";}}s:11:\"description\";a:1:{i:0;a:5:{s:4:\"data\";s:188:\"GDPR compliance is an important consideration for all WordPress websites. The GDPR Compliance team is looking for help to test the privacy tools that are currently being developed in core.\";s:7:\"attribs\";a:0:{}s:8:\"xml_base\";s:0:\"\";s:17:\"xml_base_explicit\";b:0;s:8:\"xml_lang\";s:0:\"\";}}}s:32:\"http://purl.org/dc/elements/1.1/\";a:1:{s:7:\"creator\";a:1:{i:0;a:5:{s:4:\"data\";s:10:\"Andrew Ozz\";s:7:\"attribs\";a:0:{}s:8:\"xml_base\";s:0:\"\";s:17:\"xml_base_explicit\";b:0;s:8:\"xml_lang\";s:0:\"\";}}}s:40:\"http://purl.org/rss/1.0/modules/content/\";a:1:{s:7:\"encoded\";a:1:{i:0;a:5:{s:4:\"data\";s:3914:\"<p>GDPR compliance is an important consideration for all WordPress websites. The GDPR Compliance team is looking for help to test the privacy tools that are currently being developed in core. </p>\n\n<h2>What is GDPR?</h2>\n\n<p>GDPR stands for <a href=\"https://en.wikipedia.org/wiki/General_Data_Protection_Regulation\">General Data Protection Regulation</a> and is intended to strengthen and unify data protection for all individuals within the European Union. Its primary aim is to give control back to the EU residents over their personal data. <br /></p>\n\n<p>Why the urgency? Although the GDPR was introduced two years ago, it becomes  enforceable starting May 25, 2018.</p>\n\n<h2>Make WordPress GDPR Compliance Team</h2>\n\n<p>Currently, the GDPR Compliance Team understands that helping WordPress-based sites become compliant is a large and ongoing task. The team is focusing on creating a comprehensive core policy, plugin guidelines, privacy tools and documentation. All of this requires your help.<br /></p>\n\n<p>The GDPR Compliance Team is focusing on four main areas:</p>\n\n<ul>\n    <li>Add functionality to assist site owners in creating comprehensive privacy policies for their websites.</li>\n    <li>Create guidelines for plugins to become GDPR ready.</li>\n    <li>Add administration tools to facilitate compliance and encourage user privacy in general.</li>\n    <li>Add documentation to educate site owners on privacy, the main GDPR compliance requirements, and on how to use the new privacy tools.</li>\n</ul>\n\n<h2>Don’t we already have a privacy policy?</h2>\n\n<p>Yes and no. That said, The GDPR puts tighter guidelines and restrictions. Though we have many plugins that create privacy pages, we need means to generate a unified, comprehensive privacy policy. We will need tools for users to easily come into compliance.<br /></p>\n\n<p>Site owners will be able to create GDPR compliant privacy policy in three steps:</p>\n\n<ol>\n    <li>Adding a dedicated page for the policy.<br /></li>\n    <li>Adding privacy information from plugins.</li>\n    <li>Reviewing and publishing the policy.</li>\n</ol>\n\n<p>A new &#8220;postbox&#8221; will be added to the Edit Page screen when editing the policy. All plugins that collect or store user data will be able to add privacy information there. In addition it will alert the site owners when any privacy information changes after a plugin is activated, deactivated, or updated.<br /></p>\n\n<p>There is a new functionality to confirm user requests by email address. It is intended for site owners to be able to verify requests from users for displaying, downloading, or anonymizing of personal data.<br /></p>\n\n<p>A new &#8220;Privacy&#8221; page is added under the &#8220;Tools&#8221; menu. It will display new, confirmed requests from users, as well as already fulfilled requests. It will also contain the tools for exporting and anonymizing of personal data and for requesting email confirmation to avoid abuse attempts.<br /></p>\n\n<p>New section on privacy will be added to the <a href=\"https://developer.wordpress.org/plugins/\">Plugin Handbook</a>. It will contain some general information on user privacy, what a plugin should do to be compliant, and also tips and examples on how to use the new privacy related functionality in WordPress.<br /></p>\n\n<p>The new privacy tools are scheduled for release at the end of April or beginning of May 2018.</p>\n\n<h2>How can you get involved?</h2>\n\n<p>We would love to have your help. The first step is awareness and education. For more information about the upcoming privacy tools see ﻿<a href=\"https://make.wordpress.org/core/2018/03/28/roadmap-tools-for-gdpr-compliance/\">the roadmap</a>.</p>\n\n<p>If you would like to get involved in building WordPress Core and testing the new privacy tools, please join the #gdpr-compliance channel in the <a href=\"https://make.wordpress.org/chat/\">Make WordPress</a> Slack group.</p>\n\";s:7:\"attribs\";a:0:{}s:8:\"xml_base\";s:0:\"\";s:17:\"xml_base_explicit\";b:0;s:8:\"xml_lang\";s:0:\"\";}}}s:30:\"com-wordpress:feed-additions:1\";a:1:{s:7:\"post-id\";a:1:{i:0;a:5:{s:4:\"data\";s:4:\"5728\";s:7:\"attribs\";a:0:{}s:8:\"xml_base\";s:0:\"\";s:17:\"xml_base_explicit\";b:0;s:8:\"xml_lang\";s:0:\"\";}}}}}i:3;a:6:{s:4:\"data\";s:36:\"\n		\n		\n		\n		\n				\n		\n\n		\n		\n				\n			\";s:7:\"attribs\";a:0:{}s:8:\"xml_base\";s:0:\"\";s:17:\"xml_base_explicit\";b:0;s:8:\"xml_lang\";s:0:\"\";s:5:\"child\";a:4:{s:0:\"\";a:6:{s:5:\"title\";a:1:{i:0;a:5:{s:4:\"data\";s:48:\"WordPress 4.9.5 Security and Maintenance Release\";s:7:\"attribs\";a:0:{}s:8:\"xml_base\";s:0:\"\";s:17:\"xml_base_explicit\";b:0;s:8:\"xml_lang\";s:0:\"\";}}s:4:\"link\";a:1:{i:0;a:5:{s:4:\"data\";s:84:\"https://wordpress.org/news/2018/04/wordpress-4-9-5-security-and-maintenance-release/\";s:7:\"attribs\";a:0:{}s:8:\"xml_base\";s:0:\"\";s:17:\"xml_base_explicit\";b:0;s:8:\"xml_lang\";s:0:\"\";}}s:7:\"pubDate\";a:1:{i:0;a:5:{s:4:\"data\";s:31:\"Tue, 03 Apr 2018 19:56:54 +0000\";s:7:\"attribs\";a:0:{}s:8:\"xml_base\";s:0:\"\";s:17:\"xml_base_explicit\";b:0;s:8:\"xml_lang\";s:0:\"\";}}s:8:\"category\";a:2:{i:0;a:5:{s:4:\"data\";s:8:\"Releases\";s:7:\"attribs\";a:0:{}s:8:\"xml_base\";s:0:\"\";s:17:\"xml_base_explicit\";b:0;s:8:\"xml_lang\";s:0:\"\";}i:1;a:5:{s:4:\"data\";s:3:\"4.9\";s:7:\"attribs\";a:0:{}s:8:\"xml_base\";s:0:\"\";s:17:\"xml_base_explicit\";b:0;s:8:\"xml_lang\";s:0:\"\";}}s:4:\"guid\";a:1:{i:0;a:5:{s:4:\"data\";s:34:\"https://wordpress.org/news/?p=5645\";s:7:\"attribs\";a:1:{s:0:\"\";a:1:{s:11:\"isPermaLink\";s:5:\"false\";}}s:8:\"xml_base\";s:0:\"\";s:17:\"xml_base_explicit\";b:0;s:8:\"xml_lang\";s:0:\"\";}}s:11:\"description\";a:1:{i:0;a:5:{s:4:\"data\";s:376:\"WordPress 4.9.5 is now available. This is a security and maintenance release for all versions since WordPress 3.7. We strongly encourage you to update your sites immediately. WordPress versions 4.9.4 and earlier are affected by three security issues. As part of the core team&#x27;s ongoing commitment to security hardening, the following fixes have been implemented [&#8230;]\";s:7:\"attribs\";a:0:{}s:8:\"xml_base\";s:0:\"\";s:17:\"xml_base_explicit\";b:0;s:8:\"xml_lang\";s:0:\"\";}}}s:32:\"http://purl.org/dc/elements/1.1/\";a:1:{s:7:\"creator\";a:1:{i:0;a:5:{s:4:\"data\";s:17:\"Aaron D. Campbell\";s:7:\"attribs\";a:0:{}s:8:\"xml_base\";s:0:\"\";s:17:\"xml_base_explicit\";b:0;s:8:\"xml_lang\";s:0:\"\";}}}s:40:\"http://purl.org/rss/1.0/modules/content/\";a:1:{s:7:\"encoded\";a:1:{i:0;a:5:{s:4:\"data\";s:6347:\"<p>WordPress 4.9.5 is now available. This is a <strong>security and maintenance release</strong> for all versions since WordPress 3.7. We strongly encourage you to update your sites immediately.</p>\n\n<p>WordPress versions 4.9.4 and earlier are affected by three security issues. As part of the core team&#x27;s ongoing commitment to security hardening, the following fixes have been implemented in 4.9.5:</p>\n\n<ol>\n    <li>Don&#x27;t treat <code>localhost</code> as same host by default.</li>\n    <li>Use safe redirects when redirecting the login page if SSL is forced.</li>\n    <li>Make sure the version string is correctly escaped for use in generator tags.</li>\n</ol>\n\n<p>Thank you to the reporters of these issues for practicing <a href=\"https://make.wordpress.org/core/handbook/testing/reporting-security-vulnerabilities/\">﻿coordinated security disclosure</a>: <a href=\"https://profiles.wordpress.org/xknown\">xknown</a> of the WordPress Security Team, <a href=\"https://hackerone.com/nitstorm\">Nitin Venkatesh (nitstorm)</a>, and <a href=\"https://twitter.com/voldemortensen\">Garth Mortensen</a> of the WordPress Security Team.</p>\n\n<p>Twenty-five other bugs were fixed in WordPress 4.9.5. Particularly of note were:</p>\n\n<ul>\n    <li>The previous styles on caption shortcodes have been restored.</li>\n    <li>Cropping on touch screen devices is now supported.</li>\n    <li>A variety of strings such as error messages have been updated for better clarity.</li>\n    <li>The position of an attachment placeholder during uploads has been fixed.</li>\n    <li>Custom nonce functionality in the REST API JavaScript client has been made consistent throughout the code base.</li>\n    <li>Improved compatibility with PHP 7.2.</li>\n</ul>\n\n<p><a href=\"https://make.wordpress.org/core/2018/04/03/wordpress-4-9-5/\">This post has more information about all of the issues fixed in 4.9.5 if you&#x27;d like to learn more</a>.</p>\n\n<p><a href=\"https://wordpress.org/download/\">Download WordPress 4.9.5</a> or venture over to Dashboard → Updates and click &quot;Update Now.&quot; Sites that support automatic background updates are already beginning to update automatically.</p>\n\n<p>Thank you to everyone who contributed to WordPress 4.9.5:</p>\n\n<p><a href=\"https://profiles.wordpress.org/1265578519-1/\">1265578519</a>, <a href=\"https://profiles.wordpress.org/jorbin/\">Aaron Jorbin</a>, <a href=\"https://profiles.wordpress.org/adamsilverstein/\">Adam Silverstein</a>, <a href=\"https://profiles.wordpress.org/schlessera/\">Alain Schlesser</a>, <a href=\"https://profiles.wordpress.org/alexgso/\">alexgso</a>, <a href=\"https://profiles.wordpress.org/afercia/\">Andrea Fercia</a>, <a href=\"https://profiles.wordpress.org/andrei0x309/\">andrei0x309</a>, <a href=\"https://profiles.wordpress.org/antipole/\">antipole</a>, <a href=\"https://profiles.wordpress.org/aranwer104/\">Anwer AR</a>, <a href=\"https://profiles.wordpress.org/birgire/\">Birgir Erlendsson (birgire)</a>, <a href=\"https://profiles.wordpress.org/blair-jersyer/\">Blair jersyer</a>, <a href=\"https://profiles.wordpress.org/bandonrandon/\">Brooke.</a>, <a href=\"https://profiles.wordpress.org/chetan200891/\">Chetan Prajapati</a>, <a href=\"https://profiles.wordpress.org/codegrau/\">codegrau</a>, <a href=\"https://profiles.wordpress.org/conner_bw/\">conner_bw</a>, <a href=\"https://profiles.wordpress.org/davidakennedy/\">David A. Kennedy</a>, <a href=\"https://profiles.wordpress.org/designsimply/\">designsimply</a>, <a href=\"https://profiles.wordpress.org/dd32/\">Dion Hulse</a>, <a href=\"https://profiles.wordpress.org/ocean90/\">Dominik Schilling (ocean90)</a>, <a href=\"https://profiles.wordpress.org/electricfeet/\">ElectricFeet</a>, <a href=\"https://profiles.wordpress.org/ericmeyer/\">ericmeyer</a>, <a href=\"https://profiles.wordpress.org/fpcsjames/\">FPCSJames</a>, <a href=\"https://profiles.wordpress.org/garrett-eclipse/\">Garrett Hyder</a>, <a href=\"https://profiles.wordpress.org/pento/\">Gary Pendergast</a>, <a href=\"https://profiles.wordpress.org/soulseekah/\">Gennady Kovshenin</a>, <a href=\"https://profiles.wordpress.org/henrywright/\">Henry Wright</a>, <a href=\"https://profiles.wordpress.org/audrasjb/\">Jb Audras</a>, <a href=\"https://profiles.wordpress.org/jbpaul17/\">Jeffrey Paul</a>, <a href=\"https://profiles.wordpress.org/jipmoors/\">Jip Moors</a>, <a href=\"https://profiles.wordpress.org/joemcgill/\">Joe McGill</a>, <a href=\"https://profiles.wordpress.org/joen/\">Joen Asmussen</a>, <a href=\"https://profiles.wordpress.org/johnbillion/\">John Blackbourn</a>, <a href=\"https://profiles.wordpress.org/johnpgreen/\">johnpgreen</a>, <a href=\"https://profiles.wordpress.org/junaidkbr/\">Junaid Ahmed</a>, <a href=\"https://profiles.wordpress.org/kristastevens/\">kristastevens</a>, <a href=\"https://profiles.wordpress.org/obenland/\">Konstantin Obenland</a>, <a href=\"https://profiles.wordpress.org/lakenh/\">Laken Hafner</a>, <a href=\"https://profiles.wordpress.org/lancewillett/\">Lance Willett</a>, <a href=\"https://profiles.wordpress.org/leemon/\">leemon</a>, <a href=\"https://profiles.wordpress.org/melchoyce/\">Mel Choyce</a>, <a href=\"https://profiles.wordpress.org/mikeschroder/\">Mike Schroder</a>, <a href=\"https://profiles.wordpress.org/mrmadhat/\">mrmadhat</a>, <a href=\"https://profiles.wordpress.org/nandorsky/\">nandorsky</a>, <a href=\"https://profiles.wordpress.org/jainnidhi/\">Nidhi Jain</a>, <a href=\"https://profiles.wordpress.org/swissspidy/\">Pascal Birchler</a>, <a href=\"https://profiles.wordpress.org/qcmiao/\">qcmiao</a>, <a href=\"https://profiles.wordpress.org/rachelbaker/\">Rachel Baker</a>, <a href=\"https://profiles.wordpress.org/larrach/\">Rachel Peter</a>, <a href=\"https://profiles.wordpress.org/ravanh/\">RavanH</a>, <a href=\"https://profiles.wordpress.org/otto42/\">Samuel Wood (Otto)</a>, <a href=\"https://profiles.wordpress.org/sebastienthivinfocom/\">Sebastien SERRE</a>, <a href=\"https://profiles.wordpress.org/sergeybiryukov/\">Sergey Biryukov</a>, <a href=\"https://profiles.wordpress.org/shital-patel/\">Shital Marakana</a>, <a href=\"https://profiles.wordpress.org/netweb/\">Stephen Edgar</a>, <a href=\"https://profiles.wordpress.org/karmatosed/\">Tammie Lister</a>, <a href=\"https://profiles.wordpress.org/thomas-vitale/\">Thomas Vitale</a>, <a href=\"https://profiles.wordpress.org/kwonye/\">Will Kwon</a>, and <a href=\"https://profiles.wordpress.org/yahil/\">Yahil Madakiya</a>.</p>\n\";s:7:\"attribs\";a:0:{}s:8:\"xml_base\";s:0:\"\";s:17:\"xml_base_explicit\";b:0;s:8:\"xml_lang\";s:0:\"\";}}}s:30:\"com-wordpress:feed-additions:1\";a:1:{s:7:\"post-id\";a:1:{i:0;a:5:{s:4:\"data\";s:4:\"5645\";s:7:\"attribs\";a:0:{}s:8:\"xml_base\";s:0:\"\";s:17:\"xml_base_explicit\";b:0;s:8:\"xml_lang\";s:0:\"\";}}}}}i:4;a:6:{s:4:\"data\";s:33:\"\n		\n		\n		\n		\n				\n\n		\n		\n				\n			\";s:7:\"attribs\";a:0:{}s:8:\"xml_base\";s:0:\"\";s:17:\"xml_base_explicit\";b:0;s:8:\"xml_lang\";s:0:\"\";s:5:\"child\";a:4:{s:0:\"\";a:6:{s:5:\"title\";a:1:{i:0;a:5:{s:4:\"data\";s:34:\"The Month in WordPress: March 2018\";s:7:\"attribs\";a:0:{}s:8:\"xml_base\";s:0:\"\";s:17:\"xml_base_explicit\";b:0;s:8:\"xml_lang\";s:0:\"\";}}s:4:\"link\";a:1:{i:0;a:5:{s:4:\"data\";s:69:\"https://wordpress.org/news/2018/04/the-month-in-wordpress-march-2018/\";s:7:\"attribs\";a:0:{}s:8:\"xml_base\";s:0:\"\";s:17:\"xml_base_explicit\";b:0;s:8:\"xml_lang\";s:0:\"\";}}s:7:\"pubDate\";a:1:{i:0;a:5:{s:4:\"data\";s:31:\"Mon, 02 Apr 2018 08:00:22 +0000\";s:7:\"attribs\";a:0:{}s:8:\"xml_base\";s:0:\"\";s:17:\"xml_base_explicit\";b:0;s:8:\"xml_lang\";s:0:\"\";}}s:8:\"category\";a:1:{i:0;a:5:{s:4:\"data\";s:18:\"Month in WordPress\";s:7:\"attribs\";a:0:{}s:8:\"xml_base\";s:0:\"\";s:17:\"xml_base_explicit\";b:0;s:8:\"xml_lang\";s:0:\"\";}}s:4:\"guid\";a:1:{i:0;a:5:{s:4:\"data\";s:34:\"https://wordpress.org/news/?p=5632\";s:7:\"attribs\";a:1:{s:0:\"\";a:1:{s:11:\"isPermaLink\";s:5:\"false\";}}s:8:\"xml_base\";s:0:\"\";s:17:\"xml_base_explicit\";b:0;s:8:\"xml_lang\";s:0:\"\";}}s:11:\"description\";a:1:{i:0;a:5:{s:4:\"data\";s:317:\"With a significant new milestone and some great improvements to WordPress as a platform, this month has been an important one for the project. Read on to find out more about what happened during the month of March. WordPress Now Powers 30% of the Internet Over the last 15 years, the popularity and usage of [&#8230;]\";s:7:\"attribs\";a:0:{}s:8:\"xml_base\";s:0:\"\";s:17:\"xml_base_explicit\";b:0;s:8:\"xml_lang\";s:0:\"\";}}}s:32:\"http://purl.org/dc/elements/1.1/\";a:1:{s:7:\"creator\";a:1:{i:0;a:5:{s:4:\"data\";s:15:\"Hugh Lashbrooke\";s:7:\"attribs\";a:0:{}s:8:\"xml_base\";s:0:\"\";s:17:\"xml_base_explicit\";b:0;s:8:\"xml_lang\";s:0:\"\";}}}s:40:\"http://purl.org/rss/1.0/modules/content/\";a:1:{s:7:\"encoded\";a:1:{i:0;a:5:{s:4:\"data\";s:4328:\"<p>With a significant new milestone and some great improvements to WordPress as a platform, this month has been an important one for the project. Read on to find out more about what happened during the month of March.\n\n</p>\n\n<hr class=\"wp-block-separator\" />\n\n<h2>WordPress Now Powers 30% of the Internet</h2>\n\n<p>Over the last 15 years, the popularity and usage of WordPress has been steadily growing. That growth hit a significant milestone this month when <a href=\"https://w3techs.com/technologies/details/cm-wordpress/all/all\">W3Techs reported that WordPress now powers over 30% of sites on the web.</a></p>\n\n<p>The percentage is determined based on W3Techs’ review of the top 10 million sites on the web, and it’s a strong indicator of the popularity and flexibility of WordPress as a platform.</p>\n\n<p>If you would like to have hand in helping to grow WordPress even further, <a href=\"https://make.wordpress.org/\">you can get involved today</a>.</p>\n\n<h2>WordPress Jargon Glossary Goes Live</h2>\n\n<p>The WordPress Marketing Team has been hard at work lately putting together <a href=\"https://make.wordpress.org/marketing/2018/02/28/wordpress-jargon-glossary/\">a comprehensive glossary of WordPress jargon</a> to help newcomers to the project become more easily acquainted with things.</p>\n\n<p>The glossary <a href=\"https://make.wordpress.org/marketing/2018/02/28/wordpress-jargon-glossary/\">is available here</a> along with a downloadable PDF to make it simpler to reference offline.</p>\n\n<p>Publishing this resource is part of an overall effort to make WordPress more easily accessible for people who are not so familiar with the project. If you would like to assist the Marketing Team with this, you can follow <a href=\"https://make.wordpress.org/marketing/\">the team blog</a> and join the #marketing channel in the<a href=\"https://make.wordpress.org/chat/\"> Making WordPress Slack group</a>.</p>\n\n<h2>Focusing on Privacy in WordPress</h2>\n\n<p>Online privacy has been in the news this month for all the wrong reasons. It has reinforced the commitment of the GDPR Compliance Team to continue working on enhancements to WordPress core that allow site owners to improve privacy standards.</p>\n\n<p>The team&#x27;s work, and the wider privacy project, spans four areas: Adding tools which will allow site administrators to collect the information they need about their sites, examining the plugin guidelines with privacy in mind, enhancing privacy standards in WordPress core, and creating documentation focused on best practices in online privacy.</p>\n\n<p>To get involved with the project, you can <a href=\"https://make.wordpress.org/core/2018/03/28/roadmap-tools-for-gdpr-compliance/\">view the roadmap</a>, <a href=\"https://make.wordpress.org/core/tag/gdpr-compliance/\">follow the updates</a>, <a href=\"https://core.trac.wordpress.org/query?status=!closed&amp;keywords=~gdpr\">submit patches</a>, and join the #gdpr-compliance channel in the <a href=\"https://make.wordpress.org/chat\">Making WordPress Slack group</a>. Office hours are 15:00 UTC on Wednesdays.</p>\n\n<hr class=\"wp-block-separator\" />\n\n<h2>Further Reading:</h2>\n\n<ul>\n    <li>The WordPress Foundation has published <a href=\"https://wordpressfoundation.org/2017-annual-report/\">their annual report for 2017</a> showing just how much the community has grown over the last year.</li>\n    <li>The dates for WordCamp US <a href=\"https://2018.us.wordcamp.org/2018/03/13/announcing-wordcamp-us-2018/\">have been announced</a> — this flagship WordCamp event will be held on 7-9 December this year in Nashville, Tennessee.</li>\n    <li>WordPress 4.9.5 is due for release on April 3 — <a href=\"https://make.wordpress.org/core/2018/03/21/wordpress-4-9-5-beta/\">find out more here</a>.</li>\n    <li>Version 2.5 of Gutenberg, the new editor for WordPress core, <a href=\"https://make.wordpress.org/core/2018/03/29/whats-new-in-gutenberg-29th-march/\">was released this month</a> with a host of great improvements.</li>\n    <li>WordSesh, a virtual WordPress conference, <a href=\"http://wordsesh.com/\">is returning in July this year</a>.</li>\n</ul>\n\n<p><em>If you have a story we should consider including in the next “Month in WordPress” post, please <a href=\"https://make.wordpress.org/community/month-in-wordpress-submissions/\">submit it here</a>.</em><br /></p>\n\";s:7:\"attribs\";a:0:{}s:8:\"xml_base\";s:0:\"\";s:17:\"xml_base_explicit\";b:0;s:8:\"xml_lang\";s:0:\"\";}}}s:30:\"com-wordpress:feed-additions:1\";a:1:{s:7:\"post-id\";a:1:{i:0;a:5:{s:4:\"data\";s:4:\"5632\";s:7:\"attribs\";a:0:{}s:8:\"xml_base\";s:0:\"\";s:17:\"xml_base_explicit\";b:0;s:8:\"xml_lang\";s:0:\"\";}}}}}i:5;a:6:{s:4:\"data\";s:33:\"\n		\n		\n		\n		\n				\n\n		\n		\n				\n			\";s:7:\"attribs\";a:0:{}s:8:\"xml_base\";s:0:\"\";s:17:\"xml_base_explicit\";b:0;s:8:\"xml_lang\";s:0:\"\";s:5:\"child\";a:4:{s:0:\"\";a:6:{s:5:\"title\";a:1:{i:0;a:5:{s:4:\"data\";s:37:\"The Month in WordPress: February 2018\";s:7:\"attribs\";a:0:{}s:8:\"xml_base\";s:0:\"\";s:17:\"xml_base_explicit\";b:0;s:8:\"xml_lang\";s:0:\"\";}}s:4:\"link\";a:1:{i:0;a:5:{s:4:\"data\";s:72:\"https://wordpress.org/news/2018/03/the-month-in-wordpress-february-2018/\";s:7:\"attribs\";a:0:{}s:8:\"xml_base\";s:0:\"\";s:17:\"xml_base_explicit\";b:0;s:8:\"xml_lang\";s:0:\"\";}}s:7:\"pubDate\";a:1:{i:0;a:5:{s:4:\"data\";s:31:\"Thu, 01 Mar 2018 08:41:04 +0000\";s:7:\"attribs\";a:0:{}s:8:\"xml_base\";s:0:\"\";s:17:\"xml_base_explicit\";b:0;s:8:\"xml_lang\";s:0:\"\";}}s:8:\"category\";a:1:{i:0;a:5:{s:4:\"data\";s:18:\"Month in WordPress\";s:7:\"attribs\";a:0:{}s:8:\"xml_base\";s:0:\"\";s:17:\"xml_base_explicit\";b:0;s:8:\"xml_lang\";s:0:\"\";}}s:4:\"guid\";a:1:{i:0;a:5:{s:4:\"data\";s:34:\"https://wordpress.org/news/?p=5613\";s:7:\"attribs\";a:1:{s:0:\"\";a:1:{s:11:\"isPermaLink\";s:5:\"false\";}}s:8:\"xml_base\";s:0:\"\";s:17:\"xml_base_explicit\";b:0;s:8:\"xml_lang\";s:0:\"\";}}s:11:\"description\";a:1:{i:0;a:5:{s:4:\"data\";s:324:\"Judging by the flurry of activity across the WordPress project throughout February, it looks like everyone is really getting into the swing of things for 2018. There have been a lot of interesting new developments, so read on to see what the community has been up to for the past month. WordPress 4.9.3 &#38; 4.9.4 [&#8230;]\";s:7:\"attribs\";a:0:{}s:8:\"xml_base\";s:0:\"\";s:17:\"xml_base_explicit\";b:0;s:8:\"xml_lang\";s:0:\"\";}}}s:32:\"http://purl.org/dc/elements/1.1/\";a:1:{s:7:\"creator\";a:1:{i:0;a:5:{s:4:\"data\";s:15:\"Hugh Lashbrooke\";s:7:\"attribs\";a:0:{}s:8:\"xml_base\";s:0:\"\";s:17:\"xml_base_explicit\";b:0;s:8:\"xml_lang\";s:0:\"\";}}}s:40:\"http://purl.org/rss/1.0/modules/content/\";a:1:{s:7:\"encoded\";a:1:{i:0;a:5:{s:4:\"data\";s:5936:\"<p>Judging by the flurry of activity across the WordPress project throughout February, it looks like everyone is really getting into the swing of things for 2018. There have been a lot of interesting new developments, so read on to see what the community has been up to for the past month.</p>\n\n<hr class=\"wp-block-separator\" />\n\n<h2>WordPress 4.9.3 &amp; 4.9.4</h2>\n\n<p>Early in the month, <a href=\"https://wordpress.org/news/2018/02/wordpress-4-9-3-maintenance-release/\">version 4.9.3 of WordPress was released</a>, including a number of important bug fixes. Unfortunately it introduced a bug that prevented many sites from automatically updating to future releases. To remedy this issue, <a href=\"https://wordpress.org/news/2018/02/wordpress-4-9-4-maintenance-release/\">version 4.9.4 was released</a> the following day requiring many people to manually update their sites.</p>\n\n<p>While this kind of issue is always regrettable, the good thing is that it was fixed quickly, and that not all sites had updated to 4.9.3 yet, which meant they bypassed the bug in that version.</p>\n\n<p>You can find out more technical information about this issue <a href=\"https://make.wordpress.org/core/2018/02/06/wordpress-4-9-4-release-the-technical-details/\">on the Core development blog</a>.</p>\n\n<h2>The WordCamp Incubator is Back</h2>\n\n<p>In 2016, the Global Community Team ran an experimental program to help spread WordPress to underserved areas by providing more significant organizing support for their first WordCamp event. This program was dubbed the WordCamp Incubator, and it was so successful in the three cities where it ran that <a href=\"https://wordpress.org/news/2018/02/wordcamp-incubator-2-0/\">the program is back for 2018</a>.</p>\n\n<p>Right now, the Community Team is looking for cities to be a part of this year’s incubator by <a href=\"https://wordcampcentral.polldaddy.com/s/wordcamp-incubator-program-2018-city-application\">taking applications</a>. Additionally, each incubator community will need an experienced WordCamp organizer to assist them as a co-lead organizer for their event — if that sounds interesting to you, then you can <a href=\"https://wordcampcentral.polldaddy.com/s/wordcamp-incubator-program-2018-co-lead-application\">fill in the application form for co-leads</a>.</p>\n\n<p>You can find out further information about the WordCamp Incubator <a href=\"https://make.wordpress.org/community/2018/02/19/wordcamp-incubator-program-2018-announcement/\">on the Community Team blog</a>.</p>\n\n<h2>WordPress Meetup Roundtables scheduled for March</h2>\n\n<p>In order to assist local WordPress meetup organizers with running their meetup groups, some members of the Community Team have organized <a href=\"https://make.wordpress.org/community/2018/02/23/wordpress-meetup-roundtables-scheduled-for-march/\">weekly meetup roundtable discussions through the month of March</a>.</p>\n\n<p>These will be run as video chats at 16:00 UTC every Wednesday this month and will be a great place for meetup organizers to come together and help each other out with practical ideas and advice.</p>\n\n<p>If you are not already in the WordPress meetup program and would like to join, you can find out more information in <a href=\"https://make.wordpress.org/community/handbook/meetup-organizer/welcome/\">the WordPress Meetup Organizer Handbook</a>.</p>\n\n<h2>GDPR Compliance in WordPress Core</h2>\n\n<p>The General Data Protection Regulation (GDPR) is an upcoming regulation that will affect all online services across Europe. In order to prepare for this, a working group has been formed to make sure that WordPress is compliant with the GDPR regulations.</p>\n\n<p>Aside from the fact that this will be a requirement for the project going forward, it will also have an important and significant impact on the privacy and security of WordPress as a whole. The working group has posted <a href=\"https://make.wordpress.org/core/2018/02/19/proposed-roadmap-tools-for-gdpr-compliance/\">their proposed roadmap</a> for this project and it looks very promising.</p>\n\n<p>To get involved in building WordPress Core, jump into the #gdpr-compliance channel in the <a href=\"https://make.wordpress.org/chat/\">Making WordPress Slack group</a>, and follow <a href=\"https://make.wordpress.org/core/\">the Core team blog</a>.</p>\n\n<hr class=\"wp-block-separator\" />\n\n<h2>Further Reading:</h2>\n\n<ul>\n    <li>WPShout published <a href=\"https://wpshout.com/complete-guide-wordpress-security/\">a thorough guide to WordPress security</a>.</li>\n    <li>The Community Team has published interesting statistics from the WordCamp program in <a href=\"https://make.wordpress.org/community/2018/02/27/wordcamps-in-2016/\">2016</a> and <a href=\"https://make.wordpress.org/community/2018/02/28/wordcamps-in-2017/\">2017</a>.</li>\n    <li><a href=\"https://make.wordpress.org/community/2018/02/15/potential-addition-of-a-new-onboarding-team/\">An intriguing proposal has been made</a> for a new ‘Onboarding’ team to be started in the WordPress project.</li>\n    <li>The new editing experience for WordPress, named Gutenberg, continues to be actively developed with <a href=\"https://make.wordpress.org/core/2018/02/16/whats-new-in-gutenberg-16th-february/\">a feature-packed release</a> this past month.</li>\n    <li>The Advanced WordPress Facebook group <a href=\"https://www.youtube.com/watch?v=4vS_jR5-nIo\">held an interview with WordPress co-founder, Matt Mullenweg</a> about the Gutenberg project.</li>\n    <li><a href=\"https://make.wordpress.org/meta/2018/02/27/two-factor-authentication-on-wp-org/\">Two factor authentication is on its way to the WordPress.org network</a> — this will be a great improvement to the overall security of the project.</li>\n</ul>\n\n<p><em>If you have a story we should consider including in the next “Month in WordPress” post, please <a href=\"https://make.wordpress.org/community/month-in-wordpress-submissions/\">submit it here</a>.</em></p>\n\";s:7:\"attribs\";a:0:{}s:8:\"xml_base\";s:0:\"\";s:17:\"xml_base_explicit\";b:0;s:8:\"xml_lang\";s:0:\"\";}}}s:30:\"com-wordpress:feed-additions:1\";a:1:{s:7:\"post-id\";a:1:{i:0;a:5:{s:4:\"data\";s:4:\"5613\";s:7:\"attribs\";a:0:{}s:8:\"xml_base\";s:0:\"\";s:17:\"xml_base_explicit\";b:0;s:8:\"xml_lang\";s:0:\"\";}}}}}i:6;a:6:{s:4:\"data\";s:39:\"\n		\n		\n		\n		\n				\n		\n		\n\n		\n		\n				\n			\";s:7:\"attribs\";a:0:{}s:8:\"xml_base\";s:0:\"\";s:17:\"xml_base_explicit\";b:0;s:8:\"xml_lang\";s:0:\"\";s:5:\"child\";a:4:{s:0:\"\";a:6:{s:5:\"title\";a:1:{i:0;a:5:{s:4:\"data\";s:22:\"WordCamp Incubator 2.0\";s:7:\"attribs\";a:0:{}s:8:\"xml_base\";s:0:\"\";s:17:\"xml_base_explicit\";b:0;s:8:\"xml_lang\";s:0:\"\";}}s:4:\"link\";a:1:{i:0;a:5:{s:4:\"data\";s:58:\"https://wordpress.org/news/2018/02/wordcamp-incubator-2-0/\";s:7:\"attribs\";a:0:{}s:8:\"xml_base\";s:0:\"\";s:17:\"xml_base_explicit\";b:0;s:8:\"xml_lang\";s:0:\"\";}}s:7:\"pubDate\";a:1:{i:0;a:5:{s:4:\"data\";s:31:\"Wed, 21 Feb 2018 22:53:20 +0000\";s:7:\"attribs\";a:0:{}s:8:\"xml_base\";s:0:\"\";s:17:\"xml_base_explicit\";b:0;s:8:\"xml_lang\";s:0:\"\";}}s:8:\"category\";a:3:{i:0;a:5:{s:4:\"data\";s:9:\"Community\";s:7:\"attribs\";a:0:{}s:8:\"xml_base\";s:0:\"\";s:17:\"xml_base_explicit\";b:0;s:8:\"xml_lang\";s:0:\"\";}i:1;a:5:{s:4:\"data\";s:6:\"Events\";s:7:\"attribs\";a:0:{}s:8:\"xml_base\";s:0:\"\";s:17:\"xml_base_explicit\";b:0;s:8:\"xml_lang\";s:0:\"\";}i:2;a:5:{s:4:\"data\";s:8:\"WordCamp\";s:7:\"attribs\";a:0:{}s:8:\"xml_base\";s:0:\"\";s:17:\"xml_base_explicit\";b:0;s:8:\"xml_lang\";s:0:\"\";}}s:4:\"guid\";a:1:{i:0;a:5:{s:4:\"data\";s:34:\"https://wordpress.org/news/?p=5577\";s:7:\"attribs\";a:1:{s:0:\"\";a:1:{s:11:\"isPermaLink\";s:5:\"false\";}}s:8:\"xml_base\";s:0:\"\";s:17:\"xml_base_explicit\";b:0;s:8:\"xml_lang\";s:0:\"\";}}s:11:\"description\";a:1:{i:0;a:5:{s:4:\"data\";s:343:\"WordCamps are informal, community-organized events that are put together by a team of local WordPress users who have a passion for growing their communities. They are born out of active WordPress meetup groups that meet regularly and are able to host an annual WordCamp event. This has worked very well in many communities, with over [&#8230;]\";s:7:\"attribs\";a:0:{}s:8:\"xml_base\";s:0:\"\";s:17:\"xml_base_explicit\";b:0;s:8:\"xml_lang\";s:0:\"\";}}}s:32:\"http://purl.org/dc/elements/1.1/\";a:1:{s:7:\"creator\";a:1:{i:0;a:5:{s:4:\"data\";s:15:\"Hugh Lashbrooke\";s:7:\"attribs\";a:0:{}s:8:\"xml_base\";s:0:\"\";s:17:\"xml_base_explicit\";b:0;s:8:\"xml_lang\";s:0:\"\";}}}s:40:\"http://purl.org/rss/1.0/modules/content/\";a:1:{s:7:\"encoded\";a:1:{i:0;a:5:{s:4:\"data\";s:2450:\"<p><a href=\"https://central.wordcamp.org/\">WordCamps</a> are informal, community-organized events that are put together by a team of local WordPress users who have a passion for growing their communities. They are born out of active WordPress meetup groups that meet regularly and are able to host an annual WordCamp event. This has worked very well in many communities, with over 120 WordCamps being hosted around the world in 2017.<br /></p>\n\n<p>Sometimes though, passionate and enthusiastic community members can’t pull together enough people in their community to make a WordCamp happen. To address this, we introduced <a href=\"https://wordpress.org/news/2016/02/experiment-wordcamp-incubator/\">the WordCamp Incubator program</a> in 2016.<br /></p>\n\n<p>The goal of the incubator program is <strong>to help spread WordPress to underserved areas by providing more significant organizing support for their first WordCamp event.</strong> In 2016, members of <a href=\"https://make.wordpress.org/community/\">the global community team</a> worked with volunteers in three cities — Denpasar, Harare and Medellín — giving direct, hands-on assistance in making local WordCamps possible. All three of these WordCamp incubators <a href=\"https://make.wordpress.org/community/2017/06/30/wordcamp-incubator-report/\">were a great success</a>, so we&#x27;re bringing the incubator program back for 2018.<br /></p>\n\n<p>Where should the next WordCamp incubators be? If you have always wanted a WordCamp in your city but haven’t been able to get a community started, this is a great opportunity. We will be taking applications for the next few weeks, then will get in touch with everyone who applied to discuss the possibilities. We will announce the chosen cities by the end of March.<br /></p>\n\n<p><strong>To apply, </strong><a href=\"https://wordcampcentral.polldaddy.com/s/wordcamp-incubator-program-2018-city-application\"><strong>fill in the application</strong></a><strong> by March 15, 2018.</strong> You don’t need to have any specific information handy, it’s just a form to let us know you’re interested. You can apply to nominate your city even if you don’t want to be the main organizer, but for this to work well we will need local liaisons and volunteers, so please only nominate cities where you live or work so that we have at least one local connection to begin.<br /></p>\n\n<p>We&#x27;re looking forward to hearing from you!<br /></p>\n\";s:7:\"attribs\";a:0:{}s:8:\"xml_base\";s:0:\"\";s:17:\"xml_base_explicit\";b:0;s:8:\"xml_lang\";s:0:\"\";}}}s:30:\"com-wordpress:feed-additions:1\";a:1:{s:7:\"post-id\";a:1:{i:0;a:5:{s:4:\"data\";s:4:\"5577\";s:7:\"attribs\";a:0:{}s:8:\"xml_base\";s:0:\"\";s:17:\"xml_base_explicit\";b:0;s:8:\"xml_lang\";s:0:\"\";}}}}}i:7;a:6:{s:4:\"data\";s:36:\"\n		\n		\n		\n		\n				\n		\n\n		\n		\n				\n			\";s:7:\"attribs\";a:0:{}s:8:\"xml_base\";s:0:\"\";s:17:\"xml_base_explicit\";b:0;s:8:\"xml_lang\";s:0:\"\";s:5:\"child\";a:4:{s:0:\"\";a:6:{s:5:\"title\";a:1:{i:0;a:5:{s:4:\"data\";s:35:\"WordPress 4.9.4 Maintenance Release\";s:7:\"attribs\";a:0:{}s:8:\"xml_base\";s:0:\"\";s:17:\"xml_base_explicit\";b:0;s:8:\"xml_lang\";s:0:\"\";}}s:4:\"link\";a:1:{i:0;a:5:{s:4:\"data\";s:71:\"https://wordpress.org/news/2018/02/wordpress-4-9-4-maintenance-release/\";s:7:\"attribs\";a:0:{}s:8:\"xml_base\";s:0:\"\";s:17:\"xml_base_explicit\";b:0;s:8:\"xml_lang\";s:0:\"\";}}s:7:\"pubDate\";a:1:{i:0;a:5:{s:4:\"data\";s:31:\"Tue, 06 Feb 2018 16:17:55 +0000\";s:7:\"attribs\";a:0:{}s:8:\"xml_base\";s:0:\"\";s:17:\"xml_base_explicit\";b:0;s:8:\"xml_lang\";s:0:\"\";}}s:8:\"category\";a:2:{i:0;a:5:{s:4:\"data\";s:8:\"Releases\";s:7:\"attribs\";a:0:{}s:8:\"xml_base\";s:0:\"\";s:17:\"xml_base_explicit\";b:0;s:8:\"xml_lang\";s:0:\"\";}i:1;a:5:{s:4:\"data\";s:3:\"4.9\";s:7:\"attribs\";a:0:{}s:8:\"xml_base\";s:0:\"\";s:17:\"xml_base_explicit\";b:0;s:8:\"xml_lang\";s:0:\"\";}}s:4:\"guid\";a:1:{i:0;a:5:{s:4:\"data\";s:34:\"https://wordpress.org/news/?p=5559\";s:7:\"attribs\";a:1:{s:0:\"\";a:1:{s:11:\"isPermaLink\";s:5:\"false\";}}s:8:\"xml_base\";s:0:\"\";s:17:\"xml_base_explicit\";b:0;s:8:\"xml_lang\";s:0:\"\";}}s:11:\"description\";a:1:{i:0;a:5:{s:4:\"data\";s:350:\"WordPress 4.9.4 is now available. This maintenance release fixes a severe bug in 4.9.3, which will cause sites that support automatic background updates to fail to update automatically, and will require action from you (or your host) for it to be updated to 4.9.4. Four years ago with WordPress 3.7 &#8220;Basie&#8221;, we added the ability [&#8230;]\";s:7:\"attribs\";a:0:{}s:8:\"xml_base\";s:0:\"\";s:17:\"xml_base_explicit\";b:0;s:8:\"xml_lang\";s:0:\"\";}}}s:32:\"http://purl.org/dc/elements/1.1/\";a:1:{s:7:\"creator\";a:1:{i:0;a:5:{s:4:\"data\";s:10:\"Dion Hulse\";s:7:\"attribs\";a:0:{}s:8:\"xml_base\";s:0:\"\";s:17:\"xml_base_explicit\";b:0;s:8:\"xml_lang\";s:0:\"\";}}}s:40:\"http://purl.org/rss/1.0/modules/content/\";a:1:{s:7:\"encoded\";a:1:{i:0;a:5:{s:4:\"data\";s:1823:\"<p>WordPress 4.9.4 is now available.</p>\n<p>This maintenance release fixes a severe bug in 4.9.3, which will cause sites that support automatic background updates to fail to update automatically, and will require action from you (or your host) for it to be updated to 4.9.4.</p>\n<p>Four years ago with <a href=\"https://wordpress.org/news/2013/10/basie/\">WordPress 3.7 &#8220;Basie&#8221;</a>, we added the ability for WordPress to self-update, keeping your website secure and bug-free, even when you weren&#8217;t available to do it yourself. For four years it&#8217;s helped keep millions of installs updated with very few issues over that time. Unfortunately <a href=\"https://wordpress.org/news/2018/02/wordpress-4-9-3-maintenance-release/\">yesterdays 4.9.3 release</a> contained a severe bug which was only discovered after release. The bug will cause WordPress to encounter an error when it attempts to update itself to WordPress 4.9.4, and will require an update to be performed through the WordPress dashboard or hosts update tools.</p>\n<p>WordPress managed hosting companies who install updates automatically for their customers can install the update as normal, and we&#8217;ll be working with other hosts to ensure that as many customers of theirs who can be automatically updated to WordPress 4.9.4 can be.</p>\n<p>For more technical details of the issue, we&#8217;ve <a href=\"https://make.wordpress.org/core/2018/02/06/wordpress-4-9-4-release-the-technical-details/\">posted on our Core Development blog</a>. For a full list of changes, consult the <a href=\"https://core.trac.wordpress.org/query?status=closed&amp;milestone=4.9.4&amp;group=component\">list of tickets</a>.</p>\n<p><a href=\"https://wordpress.org/download/\">Download WordPress 4.9.4</a> or visit Dashboard → Updates and click “Update Now.”</p>\n\";s:7:\"attribs\";a:0:{}s:8:\"xml_base\";s:0:\"\";s:17:\"xml_base_explicit\";b:0;s:8:\"xml_lang\";s:0:\"\";}}}s:30:\"com-wordpress:feed-additions:1\";a:1:{s:7:\"post-id\";a:1:{i:0;a:5:{s:4:\"data\";s:4:\"5559\";s:7:\"attribs\";a:0:{}s:8:\"xml_base\";s:0:\"\";s:17:\"xml_base_explicit\";b:0;s:8:\"xml_lang\";s:0:\"\";}}}}}i:8;a:6:{s:4:\"data\";s:33:\"\n		\n		\n		\n		\n				\n\n		\n		\n				\n			\";s:7:\"attribs\";a:0:{}s:8:\"xml_base\";s:0:\"\";s:17:\"xml_base_explicit\";b:0;s:8:\"xml_lang\";s:0:\"\";s:5:\"child\";a:4:{s:0:\"\";a:6:{s:5:\"title\";a:1:{i:0;a:5:{s:4:\"data\";s:35:\"WordPress 4.9.3 Maintenance Release\";s:7:\"attribs\";a:0:{}s:8:\"xml_base\";s:0:\"\";s:17:\"xml_base_explicit\";b:0;s:8:\"xml_lang\";s:0:\"\";}}s:4:\"link\";a:1:{i:0;a:5:{s:4:\"data\";s:71:\"https://wordpress.org/news/2018/02/wordpress-4-9-3-maintenance-release/\";s:7:\"attribs\";a:0:{}s:8:\"xml_base\";s:0:\"\";s:17:\"xml_base_explicit\";b:0;s:8:\"xml_lang\";s:0:\"\";}}s:7:\"pubDate\";a:1:{i:0;a:5:{s:4:\"data\";s:31:\"Mon, 05 Feb 2018 19:47:45 +0000\";s:7:\"attribs\";a:0:{}s:8:\"xml_base\";s:0:\"\";s:17:\"xml_base_explicit\";b:0;s:8:\"xml_lang\";s:0:\"\";}}s:8:\"category\";a:1:{i:0;a:5:{s:4:\"data\";s:8:\"Releases\";s:7:\"attribs\";a:0:{}s:8:\"xml_base\";s:0:\"\";s:17:\"xml_base_explicit\";b:0;s:8:\"xml_lang\";s:0:\"\";}}s:4:\"guid\";a:1:{i:0;a:5:{s:4:\"data\";s:34:\"https://wordpress.org/news/?p=5545\";s:7:\"attribs\";a:1:{s:0:\"\";a:1:{s:11:\"isPermaLink\";s:5:\"false\";}}s:8:\"xml_base\";s:0:\"\";s:17:\"xml_base_explicit\";b:0;s:8:\"xml_lang\";s:0:\"\";}}s:11:\"description\";a:1:{i:0;a:5:{s:4:\"data\";s:372:\"WordPress 4.9.3 is now available. This maintenance release fixes 34 bugs in 4.9, including fixes for Customizer changesets, widgets, visual editor, and PHP 7.2 compatibility. For a full list of changes, consult the list of tickets and the changelog. Download WordPress 4.9.3 or visit Dashboard → Updates and click “Update Now.” Sites that support automatic [&#8230;]\";s:7:\"attribs\";a:0:{}s:8:\"xml_base\";s:0:\"\";s:17:\"xml_base_explicit\";b:0;s:8:\"xml_lang\";s:0:\"\";}}}s:32:\"http://purl.org/dc/elements/1.1/\";a:1:{s:7:\"creator\";a:1:{i:0;a:5:{s:4:\"data\";s:15:\"Sergey Biryukov\";s:7:\"attribs\";a:0:{}s:8:\"xml_base\";s:0:\"\";s:17:\"xml_base_explicit\";b:0;s:8:\"xml_lang\";s:0:\"\";}}}s:40:\"http://purl.org/rss/1.0/modules/content/\";a:1:{s:7:\"encoded\";a:1:{i:0;a:5:{s:4:\"data\";s:3421:\"<p>WordPress 4.9.3 is now available.</p>\n<p>This maintenance release fixes 34 bugs in 4.9, including fixes for Customizer changesets, widgets, visual editor, and PHP 7.2 compatibility. For a full list of changes, consult the <a href=\"https://core.trac.wordpress.org/query?status=closed&amp;milestone=4.9.3&amp;group=component\">list of tickets</a> and the <a href=\"https://core.trac.wordpress.org/log/branches/4.9?rev=42630&amp;stop_rev=42521\">changelog</a>.</p>\n<p><a href=\"https://wordpress.org/download/\">Download WordPress 4.9.3</a> or visit Dashboard → Updates and click “Update Now.” Sites that support automatic background updates are already beginning to update automatically.</p>\n<p>Thank you to everyone who contributed to WordPress 4.9.3:</p>\n<p><a href=\"https://profiles.wordpress.org/jorbin/\">Aaron Jorbin</a>, <a href=\"https://profiles.wordpress.org/abdullahramzan/\">abdullahramzan</a>, <a href=\"https://profiles.wordpress.org/adamsilverstein/\">Adam Silverstein</a>, <a href=\"https://profiles.wordpress.org/afercia/\">Andrea Fercia</a>, <a href=\"https://profiles.wordpress.org/andreiglingeanu/\">andreiglingeanu</a>, <a href=\"https://profiles.wordpress.org/azaozz/\">Andrew Ozz</a>, <a href=\"https://profiles.wordpress.org/bpayton/\">Brandon Payton</a>, <a href=\"https://profiles.wordpress.org/chetan200891/\">Chetan Prajapati</a>, <a href=\"https://profiles.wordpress.org/coleh/\">coleh</a>, <a href=\"https://profiles.wordpress.org/darko-a7/\">Darko A7</a>, <a href=\"https://profiles.wordpress.org/desertsnowman/\">David Cramer</a>, <a href=\"https://profiles.wordpress.org/dlh/\">David Herrera</a>, <a href=\"https://profiles.wordpress.org/dd32/\">Dion Hulse</a>, <a href=\"https://profiles.wordpress.org/flixos90/\">Felix Arntz</a>, <a href=\"https://profiles.wordpress.org/frank-klein/\">Frank Klein</a>, <a href=\"https://profiles.wordpress.org/pento/\">Gary Pendergast</a>, <a href=\"https://profiles.wordpress.org/audrasjb/\">Jb Audras</a>, <a href=\"https://profiles.wordpress.org/jbpaul17/\">Jeffrey Paul</a>, <a href=\"https://profiles.wordpress.org/lizkarkoski/\">lizkarkoski</a>, <a href=\"https://profiles.wordpress.org/clorith/\">Marius L. J.</a>, <a href=\"https://profiles.wordpress.org/mattyrob/\">mattyrob</a>, <a href=\"https://profiles.wordpress.org/monikarao/\">Monika Rao</a>, <a href=\"https://profiles.wordpress.org/munyagu/\">munyagu</a>, <a href=\"https://profiles.wordpress.org/ndavison/\">ndavison</a>, <a href=\"https://profiles.wordpress.org/nickmomrik/\">Nick Momrik</a>, <a href=\"https://profiles.wordpress.org/peterwilsoncc/\">Peter Wilson</a>, <a href=\"https://profiles.wordpress.org/rachelbaker/\">Rachel Baker</a>, <a href=\"https://profiles.wordpress.org/rishishah/\">rishishah</a>, <a href=\"https://profiles.wordpress.org/othellobloke/\">Ryan Paul</a>, <a href=\"https://profiles.wordpress.org/sasiddiqui/\">Sami Ahmed Siddiqui</a>, <a href=\"https://profiles.wordpress.org/sayedwp/\">Sayed Taqui</a>, <a href=\"https://profiles.wordpress.org/seanchayes/\">Sean Hayes</a>, <a href=\"https://profiles.wordpress.org/sergeybiryukov/\">Sergey Biryukov</a>, <a href=\"https://profiles.wordpress.org/shooper/\">Shawn Hooper</a>, <a href=\"https://profiles.wordpress.org/netweb/\">Stephen Edgar</a>, <a href=\"https://profiles.wordpress.org/manikmist09/\">Sultan Nasir Uddin</a>, <a href=\"https://profiles.wordpress.org/tigertech/\">tigertech</a>, and <a href=\"https://profiles.wordpress.org/westonruter/\">Weston Ruter</a>.</p>\n\";s:7:\"attribs\";a:0:{}s:8:\"xml_base\";s:0:\"\";s:17:\"xml_base_explicit\";b:0;s:8:\"xml_lang\";s:0:\"\";}}}s:30:\"com-wordpress:feed-additions:1\";a:1:{s:7:\"post-id\";a:1:{i:0;a:5:{s:4:\"data\";s:4:\"5545\";s:7:\"attribs\";a:0:{}s:8:\"xml_base\";s:0:\"\";s:17:\"xml_base_explicit\";b:0;s:8:\"xml_lang\";s:0:\"\";}}}}}i:9;a:6:{s:4:\"data\";s:33:\"\n		\n		\n		\n		\n				\n\n		\n		\n				\n			\";s:7:\"attribs\";a:0:{}s:8:\"xml_base\";s:0:\"\";s:17:\"xml_base_explicit\";b:0;s:8:\"xml_lang\";s:0:\"\";s:5:\"child\";a:4:{s:0:\"\";a:6:{s:5:\"title\";a:1:{i:0;a:5:{s:4:\"data\";s:36:\"The Month in WordPress: January 2018\";s:7:\"attribs\";a:0:{}s:8:\"xml_base\";s:0:\"\";s:17:\"xml_base_explicit\";b:0;s:8:\"xml_lang\";s:0:\"\";}}s:4:\"link\";a:1:{i:0;a:5:{s:4:\"data\";s:71:\"https://wordpress.org/news/2018/02/the-month-in-wordpress-january-2018/\";s:7:\"attribs\";a:0:{}s:8:\"xml_base\";s:0:\"\";s:17:\"xml_base_explicit\";b:0;s:8:\"xml_lang\";s:0:\"\";}}s:7:\"pubDate\";a:1:{i:0;a:5:{s:4:\"data\";s:31:\"Fri, 02 Feb 2018 08:10:07 +0000\";s:7:\"attribs\";a:0:{}s:8:\"xml_base\";s:0:\"\";s:17:\"xml_base_explicit\";b:0;s:8:\"xml_lang\";s:0:\"\";}}s:8:\"category\";a:1:{i:0;a:5:{s:4:\"data\";s:18:\"Month in WordPress\";s:7:\"attribs\";a:0:{}s:8:\"xml_base\";s:0:\"\";s:17:\"xml_base_explicit\";b:0;s:8:\"xml_lang\";s:0:\"\";}}s:4:\"guid\";a:1:{i:0;a:5:{s:4:\"data\";s:34:\"https://wordpress.org/news/?p=5541\";s:7:\"attribs\";a:1:{s:0:\"\";a:1:{s:11:\"isPermaLink\";s:5:\"false\";}}s:8:\"xml_base\";s:0:\"\";s:17:\"xml_base_explicit\";b:0;s:8:\"xml_lang\";s:0:\"\";}}s:11:\"description\";a:1:{i:0;a:5:{s:4:\"data\";s:339:\"Things got off to a gradual start in 2018 with momentum starting to pick up over the course of the month. There were some notable developments in January, including a new point release and work being done on other important areas of the WordPress project. WordPress 4.9.2 Security and Maintenance Release On January 16, WordPress [&#8230;]\";s:7:\"attribs\";a:0:{}s:8:\"xml_base\";s:0:\"\";s:17:\"xml_base_explicit\";b:0;s:8:\"xml_lang\";s:0:\"\";}}}s:32:\"http://purl.org/dc/elements/1.1/\";a:1:{s:7:\"creator\";a:1:{i:0;a:5:{s:4:\"data\";s:15:\"Hugh Lashbrooke\";s:7:\"attribs\";a:0:{}s:8:\"xml_base\";s:0:\"\";s:17:\"xml_base_explicit\";b:0;s:8:\"xml_lang\";s:0:\"\";}}}s:40:\"http://purl.org/rss/1.0/modules/content/\";a:1:{s:7:\"encoded\";a:1:{i:0;a:5:{s:4:\"data\";s:3840:\"<p>Things got off to a gradual start in 2018 with momentum starting to pick up over the course of the month. There were some notable developments in January, including a new point release and work being done on other important areas of the WordPress project.</p>\n\n<hr class=\"wp-block-separator\" />\n\n<h2>WordPress 4.9.2 Security and Maintenance Release</h2>\n\n<p>On January 16, <a href=\"https://wordpress.org/news/2018/01/wordpress-4-9-2-security-and-maintenance-release/\">WordPress 4.9.2 was released</a> to fix an important security issue with the media player, as well as a number of other smaller bugs. This release goes a long way to smoothing out the 4.9 release cycle with the next point release, v4.9.3, <a href=\"https://make.wordpress.org/core/2018/01/31/wordpress-4-9-3-release-pushed-to-february-5th/\">due in early February</a>.</p>\n\n<p>To get involved in building WordPress Core, jump into the #core channel in the<a href=\"https://make.wordpress.org/chat/\"> Making WordPress Slack group</a>, and follow<a href=\"https://make.wordpress.org/core/\"> the Core team blog</a>.</p>\n\n<h2>Updated Plugin Directory Guidelines</h2>\n\n<p>At the end of 2017, <a href=\"https://developer.wordpress.org/plugins/wordpress-org/detailed-plugin-guidelines/\">the guidelines for the Plugin Directory</a> received a significant update to make them clearer and expanded to address certain situations. This does not necessarily make these guidelines complete, but rather more user-friendly and practical; they govern how developers build plugins for the Plugin Directory, so they need to evolve with the global community that the Directory serves.</p>\n\n<p>If you would like to contribute to these guidelines, you can make a pull request to <a href=\"https://github.com/WordPress/wporg-plugin-guidelines\">the GitHub repository</a> or email <a href=\"mailto:plugins@wordpress.org\">plugins@wordpress.org</a>. You can also jump into the #pluginreview channel in the<a href=\"https://make.wordpress.org/chat/\"> Making WordPress Slack group</a>.</p>\n\n<hr class=\"wp-block-separator\" />\n\n<h2>Further Reading:</h2>\n\n<ul>\n    <li>Near the end of last year a lot of work was put into improving the standards in the WordPress core codebase and now <a href=\"https://make.wordpress.org/core/2017/11/30/wordpress-php-now-mostly-conforms-to-wordpress-coding-standards/\">the entire platform is at nearly 100% compliance with the WordPress coding standards</a>.</li>\n    <li>Gutenberg, the new editor coming to WordPress core in the next major release, <a href=\"https://make.wordpress.org/core/2018/01/25/whats-new-in-gutenberg-25th-january/\">was updated to v2.1 this month</a> with some great usability and technical improvements.</li>\n    <li>The Global Community Team is <a href=\"https://make.wordpress.org/community/2018/01/16/2018-goals-for-the-global-community-team-suggestions-time/\">taking suggestions for the goals of the Community program in 2018</a>.</li>\n    <li><a href=\"https://online.wpcampus.org/\">WPCampus Online</a>, a digital conference focused on WordPress in higher education, took place on January 30. The videos of the event sessions will be online soon.</li>\n    <li>A WordPress community member <a href=\"https://wptavern.com/new-toolkit-simplifies-the-process-of-creating-gutenberg-blocks\">has released a toolkit</a> to help developers build blocks for Gutenberg.</li>\n    <li>The community team that works to improve the WordPress hosting experience is relatively young, but <a href=\"https://make.wordpress.org/hosting/2018/01/25/hosting-meeting-notes-january-10-2018/\">they have been making some great progress recently</a>.</li>\n</ul>\n\n<p><em>If you have a story we should consider including in the next “Month in WordPress” post, please <a href=\"https://make.wordpress.org/community/month-in-wordpress-submissions/\">submit it here</a>.</em></p>\n\";s:7:\"attribs\";a:0:{}s:8:\"xml_base\";s:0:\"\";s:17:\"xml_base_explicit\";b:0;s:8:\"xml_lang\";s:0:\"\";}}}s:30:\"com-wordpress:feed-additions:1\";a:1:{s:7:\"post-id\";a:1:{i:0;a:5:{s:4:\"data\";s:4:\"5541\";s:7:\"attribs\";a:0:{}s:8:\"xml_base\";s:0:\"\";s:17:\"xml_base_explicit\";b:0;s:8:\"xml_lang\";s:0:\"\";}}}}}}}s:27:\"http://www.w3.org/2005/Atom\";a:1:{s:4:\"link\";a:1:{i:0;a:5:{s:4:\"data\";s:0:\"\";s:7:\"attribs\";a:1:{s:0:\"\";a:3:{s:4:\"href\";s:32:\"https://wordpress.org/news/feed/\";s:3:\"rel\";s:4:\"self\";s:4:\"type\";s:19:\"application/rss+xml\";}}s:8:\"xml_base\";s:0:\"\";s:17:\"xml_base_explicit\";b:0;s:8:\"xml_lang\";s:0:\"\";}}}s:44:\"http://purl.org/rss/1.0/modules/syndication/\";a:2:{s:12:\"updatePeriod\";a:1:{i:0;a:5:{s:4:\"data\";s:9:\"\n	hourly	\";s:7:\"attribs\";a:0:{}s:8:\"xml_base\";s:0:\"\";s:17:\"xml_base_explicit\";b:0;s:8:\"xml_lang\";s:0:\"\";}}s:15:\"updateFrequency\";a:1:{i:0;a:5:{s:4:\"data\";s:4:\"\n	1	\";s:7:\"attribs\";a:0:{}s:8:\"xml_base\";s:0:\"\";s:17:\"xml_base_explicit\";b:0;s:8:\"xml_lang\";s:0:\"\";}}}s:30:\"com-wordpress:feed-additions:1\";a:1:{s:4:\"site\";a:1:{i:0;a:5:{s:4:\"data\";s:8:\"14607090\";s:7:\"attribs\";a:0:{}s:8:\"xml_base\";s:0:\"\";s:17:\"xml_base_explicit\";b:0;s:8:\"xml_lang\";s:0:\"\";}}}}}}}}}}}}s:4:\"type\";i:128;s:7:\"headers\";O:42:\"Requests_Utility_CaseInsensitiveDictionary\":1:{s:7:\"\0*\0data\";a:9:{s:6:\"server\";s:5:\"nginx\";s:4:\"date\";s:29:\"Wed, 09 May 2018 14:29:54 GMT\";s:12:\"content-type\";s:34:\"application/rss+xml; charset=UTF-8\";s:25:\"strict-transport-security\";s:11:\"max-age=360\";s:6:\"x-olaf\";s:3:\"⛄\";s:13:\"last-modified\";s:29:\"Wed, 02 May 2018 08:47:05 GMT\";s:4:\"link\";s:63:\"<https://wordpress.org/news/wp-json/>; rel=\"https://api.w.org/\"\";s:15:\"x-frame-options\";s:10:\"SAMEORIGIN\";s:4:\"x-nc\";s:9:\"HIT ord 2\";}}s:5:\"build\";s:14:\"20130910200210\";}','no'),(397,'_transient_timeout_feed_mod_ac0b00fe65abe10e0c5b588f3ed8c7ca','1525919395','no'),(398,'_transient_feed_mod_ac0b00fe65abe10e0c5b588f3ed8c7ca','1525876195','no'),(399,'_transient_timeout_dash_v2_88ae138922fe95674369b1cb3d215a2b','1525919405','no'),(400,'_transient_dash_v2_88ae138922fe95674369b1cb3d215a2b','<div class=\"rss-widget\"><ul><li><a class=\'rsswidget\' href=\'https://wordpress.org/news/2018/05/the-month-in-wordpress-april-2018/\'>The Month in WordPress: April 2018</a></li></ul></div><div class=\"rss-widget\"><p><strong>RSS Error:</strong> WP HTTP Error: cURL error 28: Operation timed out after 10000 milliseconds with 57565446668288 bytes received</p></div>','no');
/*!40000 ALTER TABLE `mpoptions` ENABLE KEYS */;
UNLOCK TABLES;

--
-- Table structure for table `mppostmeta`
--

DROP TABLE IF EXISTS `mppostmeta`;
/*!40101 SET @saved_cs_client     = @@character_set_client */;
/*!40101 SET character_set_client = utf8 */;
CREATE TABLE `mppostmeta` (
  `meta_id` bigint(20) unsigned NOT NULL AUTO_INCREMENT,
  `post_id` bigint(20) unsigned NOT NULL DEFAULT '0',
  `meta_key` varchar(255) COLLATE utf8mb4_unicode_520_ci DEFAULT NULL,
  `meta_value` longtext COLLATE utf8mb4_unicode_520_ci,
  PRIMARY KEY (`meta_id`),
  KEY `post_id` (`post_id`),
  KEY `meta_key` (`meta_key`(191))
) ENGINE=InnoDB AUTO_INCREMENT=50 DEFAULT CHARSET=utf8mb4 COLLATE=utf8mb4_unicode_520_ci;
/*!40101 SET character_set_client = @saved_cs_client */;

--
-- Dumping data for table `mppostmeta`
--

LOCK TABLES `mppostmeta` WRITE;
/*!40000 ALTER TABLE `mppostmeta` DISABLE KEYS */;
INSERT INTO `mppostmeta` VALUES (1,2,'_wp_page_template','default'),(2,4,'_wp_trash_meta_status','publish'),(3,4,'_wp_trash_meta_time','1522905910'),(4,1,'_edit_lock','1524563230:1'),(5,5,'_edit_last','1'),(7,5,'_edit_lock','1524563158:1'),(8,8,'_edit_last','1'),(9,8,'_edit_lock','1525250021:1'),(10,8,'_wp_page_template','5 - Specific Case.php'),(11,2,'_edit_lock','1524561475:1'),(12,12,'_edit_last','1'),(13,12,'_edit_lock','1525250025:1'),(14,12,'_wp_page_template','index.php'),(15,15,'_edit_lock','1524650319:1'),(16,15,'_wp_trash_meta_status','publish'),(17,15,'_wp_trash_meta_time','1524650324'),(18,14,'_edit_last','1'),(19,14,'_edit_lock','1525250014:1'),(20,14,'_wp_page_template','2 - Browse Cases (full).php'),(21,17,'_edit_last','1'),(22,17,'_edit_lock','1525250018:1'),(23,17,'_wp_page_template','3 - Browse Cases (pics).php'),(24,19,'_edit_last','1'),(25,19,'_wp_page_template','4 - Search Page.php'),(26,19,'_edit_lock','1525250020:1'),(27,21,'_edit_last','1'),(28,21,'_wp_page_template','6B - User Dashboard.php'),(29,21,'_edit_lock','1525250023:1'),(30,25,'_edit_last','1'),(31,25,'_wp_page_template','8 - About.php'),(32,25,'_edit_lock','1525250059:1'),(33,27,'_edit_last','1'),(34,27,'_wp_page_template','9 - FAQ.php'),(35,27,'_edit_lock','1525250060:1'),(36,29,'_edit_last','1'),(37,29,'_wp_page_template','7C - Submit Report.php'),(38,29,'_edit_lock','1525250058:1'),(39,2,'_wp_trash_meta_status','publish'),(40,2,'_wp_trash_meta_time','1525250129'),(41,2,'_wp_desired_post_slug','sample-page'),(42,34,'_edit_last','1'),(43,34,'_edit_lock','1525876593:1'),(44,36,'_edit_last','1'),(45,36,'_edit_lock','1525878763:1'),(46,36,'_wp_page_template','7B - Submit Up.php'),(47,34,'_wp_trash_meta_status','draft'),(48,34,'_wp_trash_meta_time','1525876733'),(49,34,'_wp_desired_post_slug','');
/*!40000 ALTER TABLE `mppostmeta` ENABLE KEYS */;
UNLOCK TABLES;

--
-- Table structure for table `mpposts`
--

DROP TABLE IF EXISTS `mpposts`;
/*!40101 SET @saved_cs_client     = @@character_set_client */;
/*!40101 SET character_set_client = utf8 */;
CREATE TABLE `mpposts` (
  `ID` bigint(20) unsigned NOT NULL AUTO_INCREMENT,
  `post_author` bigint(20) unsigned NOT NULL DEFAULT '0',
  `post_date` datetime NOT NULL DEFAULT '0000-00-00 00:00:00',
  `post_date_gmt` datetime NOT NULL DEFAULT '0000-00-00 00:00:00',
  `post_content` longtext COLLATE utf8mb4_unicode_520_ci NOT NULL,
  `post_title` text COLLATE utf8mb4_unicode_520_ci NOT NULL,
  `post_excerpt` text COLLATE utf8mb4_unicode_520_ci NOT NULL,
  `post_status` varchar(20) COLLATE utf8mb4_unicode_520_ci NOT NULL DEFAULT 'publish',
  `comment_status` varchar(20) COLLATE utf8mb4_unicode_520_ci NOT NULL DEFAULT 'open',
  `ping_status` varchar(20) COLLATE utf8mb4_unicode_520_ci NOT NULL DEFAULT 'open',
  `post_password` varchar(255) COLLATE utf8mb4_unicode_520_ci NOT NULL DEFAULT '',
  `post_name` varchar(200) COLLATE utf8mb4_unicode_520_ci NOT NULL DEFAULT '',
  `to_ping` text COLLATE utf8mb4_unicode_520_ci NOT NULL,
  `pinged` text COLLATE utf8mb4_unicode_520_ci NOT NULL,
  `post_modified` datetime NOT NULL DEFAULT '0000-00-00 00:00:00',
  `post_modified_gmt` datetime NOT NULL DEFAULT '0000-00-00 00:00:00',
  `post_content_filtered` longtext COLLATE utf8mb4_unicode_520_ci NOT NULL,
  `post_parent` bigint(20) unsigned NOT NULL DEFAULT '0',
  `guid` varchar(255) COLLATE utf8mb4_unicode_520_ci NOT NULL DEFAULT '',
  `menu_order` int(11) NOT NULL DEFAULT '0',
  `post_type` varchar(20) COLLATE utf8mb4_unicode_520_ci NOT NULL DEFAULT 'post',
  `post_mime_type` varchar(100) COLLATE utf8mb4_unicode_520_ci NOT NULL DEFAULT '',
  `comment_count` bigint(20) NOT NULL DEFAULT '0',
  PRIMARY KEY (`ID`),
  KEY `post_name` (`post_name`(191)),
  KEY `type_status_date` (`post_type`,`post_status`,`post_date`,`ID`),
  KEY `post_parent` (`post_parent`),
  KEY `post_author` (`post_author`)
) ENGINE=InnoDB AUTO_INCREMENT=39 DEFAULT CHARSET=utf8mb4 COLLATE=utf8mb4_unicode_520_ci;
/*!40101 SET character_set_client = @saved_cs_client */;

--
-- Dumping data for table `mpposts`
--

LOCK TABLES `mpposts` WRITE;
/*!40000 ALTER TABLE `mpposts` DISABLE KEYS */;
INSERT INTO `mpposts` VALUES (1,1,'2018-03-27 03:04:59','2018-03-27 03:04:59','Welcome to WordPress. This is your first post. Edit or delete it, then start writing!','Hello world!','','publish','open','open','','hello-world','','','2018-03-27 03:04:59','2018-03-27 03:04:59','',0,'http://wordpress.local/?p=1',0,'post','',1),(2,1,'2018-03-27 03:04:59','2018-03-27 03:04:59','This is an example page. It\'s different from a blog post because it will stay in one place and will show up in your site navigation (in most themes). Most people start with an About page that introduces them to potential site visitors. It might say something like this:\n\n<blockquote>Hi there! I\'m a bike messenger by day, aspiring actor by night, and this is my website. I live in Los Angeles, have a great dog named Jack, and I like pi&#241;a coladas. (And gettin\' caught in the rain.)</blockquote>\n\n...or something like this:\n\n<blockquote>The XYZ Doohickey Company was founded in 1971, and has been providing quality doohickeys to the public ever since. Located in Gotham City, XYZ employs over 2,000 people and does all kinds of awesome things for the Gotham community.</blockquote>\n\nAs a new WordPress user, you should go to <a href=\"http://wordpress.local/wp-admin/\">your dashboard</a> to delete this page and create new pages for your content. Have fun!','Sample Page','','trash','closed','open','','sample-page__trashed','','','2018-05-02 08:35:29','2018-05-02 08:35:29','',0,'http://wordpress.local/?page_id=2',0,'page','',0),(4,1,'2018-04-05 05:25:10','2018-04-05 05:25:10','{\n    \"old_sidebars_widgets_data\": {\n        \"value\": {\n            \"wp_inactive_widgets\": [],\n            \"sidebar-1\": [\n                \"search-2\",\n                \"recent-posts-2\",\n                \"recent-comments-2\",\n                \"archives-2\",\n                \"categories-2\",\n                \"meta-2\"\n            ],\n            \"sidebar-2\": [],\n            \"sidebar-3\": []\n        },\n        \"type\": \"global_variable\",\n        \"user_id\": 1,\n        \"date_modified_gmt\": \"2018-04-05 05:25:09\"\n    }\n}','','','trash','closed','closed','','a798e4bf-cbdc-44d3-9e82-40d364869226','','','2018-04-05 05:25:10','2018-04-05 05:25:10','',0,'http://wordpress.local/2018/04/05/a798e4bf-cbdc-44d3-9e82-40d364869226/',0,'customize_changeset','',0),(5,1,'2018-04-23 05:23:02','2018-04-23 05:23:02','Hi! Please help','Test Post','','publish','open','open','','test-post','','','2018-04-23 05:23:02','2018-04-23 05:23:02','',0,'http://wordpress.local/?p=5',0,'post','',0),(6,1,'2018-04-23 05:23:02','2018-04-23 05:23:02','Hi! Please help','Test Post','','inherit','closed','closed','','5-revision-v1','','','2018-04-23 05:23:02','2018-04-23 05:23:02','',5,'http://wordpress.local/2018/04/23/5-revision-v1/',0,'revision','',0),(7,1,'2018-04-23 10:26:49','0000-00-00 00:00:00','','Auto Draft','','auto-draft','open','open','','','','','2018-04-23 10:26:49','0000-00-00 00:00:00','',0,'http://wordpress.local/?p=7',0,'post','',0),(8,1,'2018-04-24 09:17:22','2018-04-24 09:17:22','','5 - Specific Case','','publish','closed','closed','','5-specific-case','','','2018-04-24 09:34:59','2018-04-24 09:34:59','',0,'http://wordpress.local/?page_id=8',0,'page','',0),(9,1,'2018-04-24 09:17:22','2018-04-24 09:17:22','','5 - Specific Case','','inherit','closed','closed','','8-revision-v1','','','2018-04-24 09:17:22','2018-04-24 09:17:22','',8,'http://wordpress.local/2018/04/24/8-revision-v1/',0,'revision','',0),(10,1,'2018-04-24 09:18:24','2018-04-24 09:18:24','qweqweqweqweqweqweqweqweqweqweqweqweqewqweqeqweq','5 - Specific Case','','inherit','closed','closed','','8-revision-v1','','','2018-04-24 09:18:24','2018-04-24 09:18:24','',8,'http://wordpress.local/2018/04/24/8-revision-v1/',0,'revision','',0),(11,1,'2018-04-24 09:19:31','2018-04-24 09:19:31','','5 - Specific Case','','inherit','closed','closed','','8-revision-v1','','','2018-04-24 09:19:31','2018-04-24 09:19:31','',8,'http://wordpress.local/2018/04/24/8-revision-v1/',0,'revision','',0),(12,1,'2018-04-25 09:57:23','2018-04-25 09:57:23','','1 - Home','','publish','closed','closed','','1-home','','','2018-04-25 09:57:23','2018-04-25 09:57:23','',0,'http://wordpress.local/?page_id=12',0,'page','',0),(13,1,'2018-04-25 09:57:23','2018-04-25 09:57:23','','1 - Home','','inherit','closed','closed','','12-revision-v1','','','2018-04-25 09:57:23','2018-04-25 09:57:23','',12,'http://wordpress.local/2018/04/25/12-revision-v1/',0,'revision','',0),(14,1,'2018-04-25 09:59:28','2018-04-25 09:59:28','','2 - Browse Cases (Full)','','publish','closed','closed','','2-browse-cases-full','','','2018-05-02 08:35:49','2018-05-02 08:35:49','',0,'http://wordpress.local/?page_id=14',0,'page','',0),(15,1,'2018-04-25 09:58:44','2018-04-25 09:58:44','{\n    \"show_on_front\": {\n        \"value\": \"page\",\n        \"type\": \"option\",\n        \"user_id\": 1,\n        \"date_modified_gmt\": \"2018-04-25 09:58:39\"\n    },\n    \"page_on_front\": {\n        \"value\": \"12\",\n        \"type\": \"option\",\n        \"user_id\": 1,\n        \"date_modified_gmt\": \"2018-04-25 09:58:39\"\n    }\n}','','','trash','closed','closed','','e9921d03-614c-41bb-b757-a4e3d00ff9b7','','','2018-04-25 09:58:44','2018-04-25 09:58:44','',0,'http://wordpress.local/?p=15',0,'customize_changeset','',0),(16,1,'2018-04-25 09:59:28','2018-04-25 09:59:28','','2 - Browse Cases (Full)','','inherit','closed','closed','','14-revision-v1','','','2018-04-25 09:59:28','2018-04-25 09:59:28','',14,'http://wordpress.local/2018/04/25/14-revision-v1/',0,'revision','',0),(17,1,'2018-04-25 10:00:12','2018-04-25 10:00:12','','3 - Browse Cases (With Pictures)','','publish','closed','closed','','3-browse-cases-with-pictures','','','2018-05-02 08:21:48','2018-05-02 08:21:48','',0,'http://wordpress.local/?page_id=17',0,'page','',0),(18,1,'2018-04-25 10:00:12','2018-04-25 10:00:12','','3 - Browse Cases (With Pictures)','','inherit','closed','closed','','17-revision-v1','','','2018-04-25 10:00:12','2018-04-25 10:00:12','',17,'http://wordpress.local/2018/04/25/17-revision-v1/',0,'revision','',0),(19,1,'2018-04-25 10:00:27','2018-04-25 10:00:27','','4 - Search Page','','publish','closed','closed','','4-search-page','','','2018-05-02 07:08:36','2018-05-02 07:08:36','',0,'http://wordpress.local/?page_id=19',0,'page','',0),(20,1,'2018-04-25 10:00:27','2018-04-25 10:00:27','','4 - Search Page','','inherit','closed','closed','','19-revision-v1','','','2018-04-25 10:00:27','2018-04-25 10:00:27','',19,'http://wordpress.local/2018/04/25/19-revision-v1/',0,'revision','',0),(21,1,'2018-04-25 10:00:49','2018-04-25 10:00:49','','6 - User Dashboard','','publish','closed','closed','','6-user-dashboard','','','2018-05-02 08:24:07','2018-05-02 08:24:07','',0,'http://wordpress.local/?page_id=21',0,'page','',0),(22,1,'2018-04-25 10:00:49','2018-04-25 10:00:49','','6 - User Dashboard','','inherit','closed','closed','','21-revision-v1','','','2018-04-25 10:00:49','2018-04-25 10:00:49','',21,'http://wordpress.local/2018/04/25/21-revision-v1/',0,'revision','',0),(23,1,'2018-04-25 10:00:53','0000-00-00 00:00:00','','Auto Draft','','auto-draft','closed','closed','','','','','2018-04-25 10:00:53','0000-00-00 00:00:00','',0,'http://wordpress.local/?page_id=23',0,'page','',0),(24,1,'2018-04-25 10:02:48','0000-00-00 00:00:00','','Auto Draft','','auto-draft','closed','closed','','','','','2018-04-25 10:02:48','0000-00-00 00:00:00','',0,'http://wordpress.local/?page_id=24',0,'page','',0),(25,1,'2018-04-25 10:08:45','2018-04-25 10:08:45','','8 - About','','publish','closed','closed','','8-about','','','2018-05-02 08:36:34','2018-05-02 08:36:34','',0,'http://wordpress.local/?page_id=25',0,'page','',0),(26,1,'2018-04-25 10:08:45','2018-04-25 10:08:45','','8 - About','','inherit','closed','closed','','25-revision-v1','','','2018-04-25 10:08:45','2018-04-25 10:08:45','',25,'http://wordpress.local/2018/04/25/25-revision-v1/',0,'revision','',0),(27,1,'2018-04-25 10:09:02','2018-04-25 10:09:02','','9 - FAQ','','publish','closed','closed','','9-faq','','','2018-05-02 08:36:40','2018-05-02 08:36:40','',0,'http://wordpress.local/?page_id=27',0,'page','',0),(28,1,'2018-04-25 10:09:02','2018-04-25 10:09:02','','9 - FAQ','','inherit','closed','closed','','27-revision-v1','','','2018-04-25 10:09:02','2018-04-25 10:09:02','',27,'http://wordpress.local/2018/04/25/27-revision-v1/',0,'revision','',0),(29,1,'2018-04-25 10:10:54','2018-04-25 10:10:54','','7 - Submit Report','','publish','closed','closed','','7-submit-report','','','2018-05-02 08:36:30','2018-05-02 08:36:30','',0,'http://wordpress.local/?page_id=29',0,'page','',0),(30,1,'2018-04-25 10:10:54','2018-04-25 10:10:54','','7 - Submit Report','','inherit','closed','closed','','29-revision-v1','','','2018-04-25 10:10:54','2018-04-25 10:10:54','',29,'http://wordpress.local/2018/04/25/29-revision-v1/',0,'revision','',0),(32,1,'2018-05-02 08:35:29','2018-05-02 08:35:29','This is an example page. It\'s different from a blog post because it will stay in one place and will show up in your site navigation (in most themes). Most people start with an About page that introduces them to potential site visitors. It might say something like this:\n\n<blockquote>Hi there! I\'m a bike messenger by day, aspiring actor by night, and this is my website. I live in Los Angeles, have a great dog named Jack, and I like pi&#241;a coladas. (And gettin\' caught in the rain.)</blockquote>\n\n...or something like this:\n\n<blockquote>The XYZ Doohickey Company was founded in 1971, and has been providing quality doohickeys to the public ever since. Located in Gotham City, XYZ employs over 2,000 people and does all kinds of awesome things for the Gotham community.</blockquote>\n\nAs a new WordPress user, you should go to <a href=\"http://wordpress.local/wp-admin/\">your dashboard</a> to delete this page and create new pages for your content. Have fun!','Sample Page','','inherit','closed','closed','','2-revision-v1','','','2018-05-02 08:35:29','2018-05-02 08:35:29','',2,'http://wordpress.local/2018/05/02/2-revision-v1/',0,'revision','',0),(33,1,'2018-05-09 05:47:43','0000-00-00 00:00:00','','Auto Draft','','auto-draft','open','open','','','','','2018-05-09 05:47:43','0000-00-00 00:00:00','',0,'http://wordpress.local/?p=33',0,'post','',0),(34,1,'2018-05-09 14:38:53','2018-05-09 14:38:53','','7 - Sign Up','','trash','closed','closed','','__trashed','','','2018-05-09 14:38:53','2018-05-09 14:38:53','',0,'http://wordpress.local/?page_id=34',0,'page','',0),(35,1,'2018-05-09 14:31:34','0000-00-00 00:00:00','','Auto Draft','','auto-draft','closed','closed','','','','','2018-05-09 14:31:34','0000-00-00 00:00:00','',0,'http://wordpress.local/?page_id=35',0,'page','',0),(36,1,'2018-05-09 14:39:08','2018-05-09 14:39:08','','7 - Sign Up','','publish','closed','closed','','7-sign-up','','','2018-05-09 14:39:08','2018-05-09 14:39:08','',0,'http://wordpress.local/?page_id=36',0,'page','',0),(37,1,'2018-05-09 14:32:23','2018-05-09 14:32:23','','7 - Sign Up','','inherit','closed','closed','','36-revision-v1','','','2018-05-09 14:32:23','2018-05-09 14:32:23','',36,'http://wordpress.local/2018/05/09/36-revision-v1/',0,'revision','',0),(38,1,'2018-05-09 14:38:53','2018-05-09 14:38:53','','7 - Sign Up','','inherit','closed','closed','','34-revision-v1','','','2018-05-09 14:38:53','2018-05-09 14:38:53','',34,'http://wordpress.local/2018/05/09/34-revision-v1/',0,'revision','',0);
/*!40000 ALTER TABLE `mpposts` ENABLE KEYS */;
UNLOCK TABLES;

--
-- Table structure for table `mpterm_relationships`
--

DROP TABLE IF EXISTS `mpterm_relationships`;
/*!40101 SET @saved_cs_client     = @@character_set_client */;
/*!40101 SET character_set_client = utf8 */;
CREATE TABLE `mpterm_relationships` (
  `object_id` bigint(20) unsigned NOT NULL DEFAULT '0',
  `term_taxonomy_id` bigint(20) unsigned NOT NULL DEFAULT '0',
  `term_order` int(11) NOT NULL DEFAULT '0',
  PRIMARY KEY (`object_id`,`term_taxonomy_id`),
  KEY `term_taxonomy_id` (`term_taxonomy_id`)
) ENGINE=InnoDB DEFAULT CHARSET=utf8mb4 COLLATE=utf8mb4_unicode_520_ci;
/*!40101 SET character_set_client = @saved_cs_client */;

--
-- Dumping data for table `mpterm_relationships`
--

LOCK TABLES `mpterm_relationships` WRITE;
/*!40000 ALTER TABLE `mpterm_relationships` DISABLE KEYS */;
INSERT INTO `mpterm_relationships` VALUES (1,1,0),(5,1,0);
/*!40000 ALTER TABLE `mpterm_relationships` ENABLE KEYS */;
UNLOCK TABLES;

--
-- Table structure for table `mpterm_taxonomy`
--

DROP TABLE IF EXISTS `mpterm_taxonomy`;
/*!40101 SET @saved_cs_client     = @@character_set_client */;
/*!40101 SET character_set_client = utf8 */;
CREATE TABLE `mpterm_taxonomy` (
  `term_taxonomy_id` bigint(20) unsigned NOT NULL AUTO_INCREMENT,
  `term_id` bigint(20) unsigned NOT NULL DEFAULT '0',
  `taxonomy` varchar(32) COLLATE utf8mb4_unicode_520_ci NOT NULL DEFAULT '',
  `description` longtext COLLATE utf8mb4_unicode_520_ci NOT NULL,
  `parent` bigint(20) unsigned NOT NULL DEFAULT '0',
  `count` bigint(20) NOT NULL DEFAULT '0',
  PRIMARY KEY (`term_taxonomy_id`),
  UNIQUE KEY `term_id_taxonomy` (`term_id`,`taxonomy`),
  KEY `taxonomy` (`taxonomy`)
) ENGINE=InnoDB AUTO_INCREMENT=2 DEFAULT CHARSET=utf8mb4 COLLATE=utf8mb4_unicode_520_ci;
/*!40101 SET character_set_client = @saved_cs_client */;

--
-- Dumping data for table `mpterm_taxonomy`
--

LOCK TABLES `mpterm_taxonomy` WRITE;
/*!40000 ALTER TABLE `mpterm_taxonomy` DISABLE KEYS */;
INSERT INTO `mpterm_taxonomy` VALUES (1,1,'category','',0,2);
/*!40000 ALTER TABLE `mpterm_taxonomy` ENABLE KEYS */;
UNLOCK TABLES;

--
-- Table structure for table `mptermmeta`
--

DROP TABLE IF EXISTS `mptermmeta`;
/*!40101 SET @saved_cs_client     = @@character_set_client */;
/*!40101 SET character_set_client = utf8 */;
CREATE TABLE `mptermmeta` (
  `meta_id` bigint(20) unsigned NOT NULL AUTO_INCREMENT,
  `term_id` bigint(20) unsigned NOT NULL DEFAULT '0',
  `meta_key` varchar(255) COLLATE utf8mb4_unicode_520_ci DEFAULT NULL,
  `meta_value` longtext COLLATE utf8mb4_unicode_520_ci,
  PRIMARY KEY (`meta_id`),
  KEY `term_id` (`term_id`),
  KEY `meta_key` (`meta_key`(191))
) ENGINE=InnoDB DEFAULT CHARSET=utf8mb4 COLLATE=utf8mb4_unicode_520_ci;
/*!40101 SET character_set_client = @saved_cs_client */;

--
-- Dumping data for table `mptermmeta`
--

LOCK TABLES `mptermmeta` WRITE;
/*!40000 ALTER TABLE `mptermmeta` DISABLE KEYS */;
/*!40000 ALTER TABLE `mptermmeta` ENABLE KEYS */;
UNLOCK TABLES;

--
-- Table structure for table `mpterms`
--

DROP TABLE IF EXISTS `mpterms`;
/*!40101 SET @saved_cs_client     = @@character_set_client */;
/*!40101 SET character_set_client = utf8 */;
CREATE TABLE `mpterms` (
  `term_id` bigint(20) unsigned NOT NULL AUTO_INCREMENT,
  `name` varchar(200) COLLATE utf8mb4_unicode_520_ci NOT NULL DEFAULT '',
  `slug` varchar(200) COLLATE utf8mb4_unicode_520_ci NOT NULL DEFAULT '',
  `term_group` bigint(10) NOT NULL DEFAULT '0',
  PRIMARY KEY (`term_id`),
  KEY `slug` (`slug`(191)),
  KEY `name` (`name`(191))
) ENGINE=InnoDB AUTO_INCREMENT=2 DEFAULT CHARSET=utf8mb4 COLLATE=utf8mb4_unicode_520_ci;
/*!40101 SET character_set_client = @saved_cs_client */;

--
-- Dumping data for table `mpterms`
--

LOCK TABLES `mpterms` WRITE;
/*!40000 ALTER TABLE `mpterms` DISABLE KEYS */;
INSERT INTO `mpterms` VALUES (1,'Uncategorized','uncategorized',0);
/*!40000 ALTER TABLE `mpterms` ENABLE KEYS */;
UNLOCK TABLES;

--
-- Table structure for table `mpusermeta`
--

DROP TABLE IF EXISTS `mpusermeta`;
/*!40101 SET @saved_cs_client     = @@character_set_client */;
/*!40101 SET character_set_client = utf8 */;
CREATE TABLE `mpusermeta` (
  `umeta_id` bigint(20) unsigned NOT NULL AUTO_INCREMENT,
  `user_id` bigint(20) unsigned NOT NULL DEFAULT '0',
  `meta_key` varchar(255) COLLATE utf8mb4_unicode_520_ci DEFAULT NULL,
  `meta_value` longtext COLLATE utf8mb4_unicode_520_ci,
  PRIMARY KEY (`umeta_id`),
  KEY `user_id` (`user_id`),
  KEY `meta_key` (`meta_key`(191))
) ENGINE=InnoDB AUTO_INCREMENT=24 DEFAULT CHARSET=utf8mb4 COLLATE=utf8mb4_unicode_520_ci;
/*!40101 SET character_set_client = @saved_cs_client */;

--
-- Dumping data for table `mpusermeta`
--

LOCK TABLES `mpusermeta` WRITE;
/*!40000 ALTER TABLE `mpusermeta` DISABLE KEYS */;
INSERT INTO `mpusermeta` VALUES (1,1,'nickname','claudesedillo'),(2,1,'first_name',''),(3,1,'last_name',''),(4,1,'description',''),(5,1,'rich_editing','true'),(6,1,'syntax_highlighting','true'),(7,1,'comment_shortcuts','false'),(8,1,'admin_color','fresh'),(9,1,'use_ssl','0'),(10,1,'show_admin_bar_front','true'),(11,1,'locale',''),(12,1,'mpcapabilities','a:1:{s:13:\"administrator\";b:1;}'),(13,1,'mpuser_level','10'),(14,1,'dismissed_wp_pointers',''),(15,1,'show_welcome_panel','1'),(17,1,'mpdashboard_quick_press_last_post_id','7'),(18,1,'community-events-location','a:1:{s:2:\"ip\";s:2:\"::\";}'),(19,1,'closedpostboxes_page','a:0:{}'),(20,1,'metaboxhidden_page','a:4:{i:0;s:10:\"postcustom\";i:1;s:16:\"commentstatusdiv\";i:2;s:7:\"slugdiv\";i:3;s:9:\"authordiv\";}'),(21,1,'mpuser-settings','editor=tinymce'),(22,1,'mpuser-settings-time','1524563057'),(23,1,'session_tokens','a:1:{s:64:\"96212157bacc861a084c1554fc462a1466a2529c44e272ad0c09f4a52f139f86\";a:4:{s:10:\"expiration\";i:1526052267;s:2:\"ip\";s:3:\"::1\";s:2:\"ua\";s:115:\"Mozilla/5.0 (Windows NT 10.0; Win64; x64) AppleWebKit/537.36 (KHTML, like Gecko) Chrome/66.0.3359.139 Safari/537.36\";s:5:\"login\";i:1525879467;}}');
/*!40000 ALTER TABLE `mpusermeta` ENABLE KEYS */;
UNLOCK TABLES;

--
-- Table structure for table `mpusers`
--

DROP TABLE IF EXISTS `mpusers`;
/*!40101 SET @saved_cs_client     = @@character_set_client */;
/*!40101 SET character_set_client = utf8 */;
CREATE TABLE `mpusers` (
  `ID` bigint(20) unsigned NOT NULL AUTO_INCREMENT,
  `user_login` varchar(60) COLLATE utf8mb4_unicode_520_ci NOT NULL DEFAULT '',
  `user_pass` varchar(255) COLLATE utf8mb4_unicode_520_ci NOT NULL DEFAULT '',
  `user_nicename` varchar(50) COLLATE utf8mb4_unicode_520_ci NOT NULL DEFAULT '',
  `user_email` varchar(100) COLLATE utf8mb4_unicode_520_ci NOT NULL DEFAULT '',
  `user_url` varchar(100) COLLATE utf8mb4_unicode_520_ci NOT NULL DEFAULT '',
  `user_registered` datetime NOT NULL DEFAULT '0000-00-00 00:00:00',
  `user_activation_key` varchar(255) COLLATE utf8mb4_unicode_520_ci NOT NULL DEFAULT '',
  `user_status` int(11) NOT NULL DEFAULT '0',
  `display_name` varchar(250) COLLATE utf8mb4_unicode_520_ci NOT NULL DEFAULT '',
  PRIMARY KEY (`ID`),
  KEY `user_login_key` (`user_login`),
  KEY `user_nicename` (`user_nicename`),
  KEY `user_email` (`user_email`)
) ENGINE=InnoDB AUTO_INCREMENT=2 DEFAULT CHARSET=utf8mb4 COLLATE=utf8mb4_unicode_520_ci;
/*!40101 SET character_set_client = @saved_cs_client */;

--
-- Dumping data for table `mpusers`
--

LOCK TABLES `mpusers` WRITE;
/*!40000 ALTER TABLE `mpusers` DISABLE KEYS */;
INSERT INTO `mpusers` VALUES (1,'claudesedillo','$P$BsRJx.IdloVnLDhNxdyBFu2jZn22UF1','claudesedillo','claudesedillo@gmail.com','','2018-03-27 03:04:58','1522895982:$P$BBPrcDlv4g3fCtKkKwbYR1fd6DQFoh/',0,'claudesedillo');
/*!40000 ALTER TABLE `mpusers` ENABLE KEYS */;
UNLOCK TABLES;

--
-- Table structure for table `threadpost`
--

DROP TABLE IF EXISTS `threadpost`;
/*!40101 SET @saved_cs_client     = @@character_set_client */;
/*!40101 SET character_set_client = utf8 */;
CREATE TABLE `threadpost` (
  `threadId` int(11) NOT NULL COMMENT 'postnumber or threadId for comments within a comment',
  `postId` int(11) NOT NULL,
  `userId` int(11) DEFAULT NULL,
  `dateCommented` timestamp(6) NULL DEFAULT CURRENT_TIMESTAMP(6),
  `message` text,
  PRIMARY KEY (`postId`,`threadId`),
  KEY `post_id_idx` (`postId`),
  CONSTRAINT `post_id` FOREIGN KEY (`postId`) REFERENCES `casedetails` (`id`) ON DELETE NO ACTION ON UPDATE NO ACTION
) ENGINE=InnoDB DEFAULT CHARSET=utf8;
/*!40101 SET character_set_client = @saved_cs_client */;

--
-- Dumping data for table `threadpost`
--

LOCK TABLES `threadpost` WRITE;
/*!40000 ALTER TABLE `threadpost` DISABLE KEYS */;
INSERT INTO `threadpost` VALUES (1,1,1,'2018-04-11 16:00:00.000000','Help!'),(1,2,2,'2018-04-11 16:00:00.000000','Help is on the way!'),(10,10,1,'2018-05-05 03:47:22.820390','yo');
/*!40000 ALTER TABLE `threadpost` ENABLE KEYS */;
UNLOCK TABLES;

--
-- Table structure for table `users`
--

DROP TABLE IF EXISTS `users`;
/*!40101 SET @saved_cs_client     = @@character_set_client */;
/*!40101 SET character_set_client = utf8 */;
CREATE TABLE `users` (
  `userID` int(11) NOT NULL AUTO_INCREMENT,
  `username` varchar(45) DEFAULT NULL,
  `password` varchar(45) DEFAULT NULL,
  `firstName` varchar(45) DEFAULT NULL,
  `lastName` varchar(45) DEFAULT NULL,
  `email` varchar(45) DEFAULT NULL,
  `pinnedCases` varchar(100) DEFAULT NULL COMMENT 'caseID1;caseID2;caseID3',
  PRIMARY KEY (`userID`)
) ENGINE=InnoDB AUTO_INCREMENT=6 DEFAULT CHARSET=utf8;
/*!40101 SET character_set_client = @saved_cs_client */;

--
-- Dumping data for table `users`
--

LOCK TABLES `users` WRITE;
/*!40000 ALTER TABLE `users` DISABLE KEYS */;
INSERT INTO `users` VALUES (1,'username1','123','first',NULL,'email','1;2'),(2,'spads','123','asd',NULL,'lol@goma.com',NULL);
/*!40000 ALTER TABLE `users` ENABLE KEYS */;
UNLOCK TABLES;
/*!40103 SET TIME_ZONE=@OLD_TIME_ZONE */;

/*!40101 SET SQL_MODE=@OLD_SQL_MODE */;
/*!40014 SET FOREIGN_KEY_CHECKS=@OLD_FOREIGN_KEY_CHECKS */;
/*!40014 SET UNIQUE_CHECKS=@OLD_UNIQUE_CHECKS */;
/*!40101 SET CHARACTER_SET_CLIENT=@OLD_CHARACTER_SET_CLIENT */;
/*!40101 SET CHARACTER_SET_RESULTS=@OLD_CHARACTER_SET_RESULTS */;
/*!40101 SET COLLATION_CONNECTION=@OLD_COLLATION_CONNECTION */;
/*!40111 SET SQL_NOTES=@OLD_SQL_NOTES */;

-- Dump completed on 2018-05-10  3:28:58
